Cause,Consequence,Support,Confidence,Uplift
"[""dam: ('(0.975, 1.005)', '(-0.005, 0.195)')""]","bug: ('1', '0')",2.273706897,0.491577061,0.187043764
"[""rfc: ('(0.105, 0.23500000000000001)', '(-0.005, 0.025)')""]","bug: ('1', '0')",1.713362069,0.753756708,0.15545434
"[""lcom3: ('(0.305, 0.415)', '(0.815, 1.005)')""]","bug: ('1', '0')",1.422413793,0.507692308,0.120192308
"[""cam: ('(0.145, 0.265)', '(0.255, 0.535)')""]","bug: ('1', '0')",1.400862069,0.45579142,0.065316548
"[""dam: ('(0.285, 0.905)', '(-0.005, 0.195)')""]","bug: ('1', '0')",1.271551724,0.597590246,0.100145996
"[""rfc: ('(0.035, 0.115)', '(-0.005, 0.025)')"", ""dam: ('(0.975, 1.005)', '(-0.005, 0.195)')""]","bug: ('1', '0')",1.25,0.533782267,0.106034483
"[""lcom3: ('(0.305, 0.415)', '(-0.005, 0.315)')""]","bug: ('1', '0')",1.239224138,0.372972973,0.059704101
"[""dam: ('(0.975, 1.005)', '(-0.005, 0.195)')""]","bug: ('1', '0')",1.206896552,0.445771144,0.07737069
"[""dam: ('(0.975, 1.005)', '(-0.005, 0.195)')""]","bug: ('1', '0')",1.174568966,0.44040404,0.074784483
"[""dam: ('(0.975, 1.005)', '(-0.005, 0.195)')""]","bug: ('1', '0')",1.174568966,0.44040404,0.074784483
"[""moa: ('(0.145, 0.265)', '(-0.005, 0.034999999999999996)')""]","bug: ('1', '0')",1.174568966,0.604083238,0.077371676
"[""cbo: ('(0.035, 0.07500000000000001)', '(-0.005, 0.025)')""]","bug: ('1', '0')",1.153017241,0.420554124,0.06565194
"[""cbo: ('(0.035, 0.07500000000000001)', '(0.015, 0.045)')""]","bug: ('1', '0')",1.153017241,0.317030603,0.026413589
"[""ca: ('(0.055, 0.465)', '(0.005, 0.025)')""]","bug: ('1', '0')",1.153017241,0.483383873,0.060754883
"[""max_cc: ('(0.075, 0.34500000000000003)', '(-0.005, 0.015)')""]","bug: ('1', '0')",1.142241379,0.68285793,0.166360036
"[""cam: ('(0.145, 0.265)', '(0.595, 0.785)')""]","bug: ('1', '0')",1.109913793,0.683581785,0.117347312
"[""rfc: ('(0.035, 0.115)', '(-0.005, 0.025)')""]","bug: ('1', '0')",1.109913793,0.492110108,0.089519149
"[""max_cc: ('(0.075, 0.34500000000000003)', '(0.005, 0.015)')""]","bug: ('1', '0')",1.088362069,0.67251816,0.16304151
"[""ce: ('(0.235, 0.395)', '(0.005, 0.07500000000000001)')""]","bug: ('1', '0')",1.077586207,0.601408825,0.069136951
"[""rfc: ('(0.035, 0.115)', '(-0.005, 0.025)')"", ""dam: ('(0.975, 1.005)', '(-0.005, 0.195)')""]","bug: ('1', '0')",1.066810345,0.504979354,0.089908171
"[""rfc: ('(0.035, 0.115)', '(-0.005, 0.025)')"", ""dam: ('(0.975, 1.005)', '(-0.005, 0.195)')""]","bug: ('1', '0')",1.066810345,0.5125,0.089822797
"[""lcom3: ('(0.305, 0.415)', '(0.815, 1.005)')"", ""dam: ('(0.975, 1.005)', '(-0.005, 0.195)')""]","bug: ('1', '0')",1.045258621,0.491478581,0.076840186
"[""avg_cc: ('(0.095, 1.005)', '(0.035, 0.055)')""]","bug: ('1', '0')",1.045258621,0.547442681,0.197790948
"[""avg_cc: ('(0.045000000000000005, 0.095)', '(0.035, 0.055)')""]","bug: ('1', '0')",1.045258621,0.455268199,0.069665948
"[""max_cc: ('(0.035, 0.085)', '(0.005, 0.015)')""]","bug: ('1', '0')",1.034482759,0.49381207,0.076553897
"[""max_cc: ('(0.035, 0.085)', '(-0.005, 0.015)')""]","bug: ('1', '0')",1.034482759,0.501404287,0.078874054
"[""moa: ('(0.145, 0.265)', '(-0.005, 0.034999999999999996)')""]","bug: ('1', '0')",1.023706897,0.528977273,0.056438578
"[""moa: ('(0.145, 0.265)', '(-0.005, 0.034999999999999996)')""]","bug: ('1', '0')",1.023706897,0.532327586,0.05689841
"[""lcom3: ('(0.40499999999999997, 0.455)', '(-0.005, 0.315)')""]","bug: ('1', '0')",1.012931034,0.471229294,0.050733924
"[""lcom3: ('(0.40499999999999997, 0.455)', '(0.815, 1.005)')""]","bug: ('1', '0')",1.012931034,0.641439206,0.080736074
"[""rfc: ('(0.035, 0.115)', '(-0.005, 0.025)')""]","bug: ('1', '0')",1.012931034,0.489886481,0.080403055
"[""lcom3: ('(0.305, 0.415)', '(0.815, 1.005)')""]","bug: ('1', '0')",0.980603448,0.48809589,0.067130949
"[""lcom3: ('(0.305, 0.415)', '(0.815, 1.005)')""]","bug: ('1', '0')",0.948275862,0.481572482,0.064512682
"[""cam: ('(0.024999999999999998, 0.155)', '(0.595, 0.785)')""]","bug: ('1', '0')",0.948275862,0.78381183,0.081403419
"[""lcom3: ('(0.305, 0.415)', '(0.815, 1.005)')""]","bug: ('1', '0')",0.948275862,0.481572482,0.064512682
"[""cam: ('(0.024999999999999998, 0.155)', '(0.255, 0.535)')""]","bug: ('1', '0')",0.948275862,0.522621747,0.050686462
"[""cbo: ('(0.065, 0.125)', '(-0.005, 0.025)')""]","bug: ('1', '0')",0.9375,0.50639313,0.060223599
"[""dam: ('(0.285, 0.905)', '(-0.005, 0.195)')""]","bug: ('1', '0')",0.9375,0.571313364,0.085562269
"[""dam: ('(0.975, 1.005)', '(-0.005, 0.195)')""]","bug: ('1', '0')",0.9375,0.494077988,0.130792026
"[""cbo: ('(0.065, 0.125)', '(0.015, 0.045)')""]","bug: ('1', '0')",0.9375,0.381739496,0.0337276
"[""dam: ('(0.975, 1.005)', '(-0.005, 0.195)')""]","bug: ('1', '0')",0.926724138,0.507014723,0.135340873
"[""dam: ('(0.285, 0.905)', '(-0.005, 0.195)')""]","bug: ('1', '0')",0.926724138,0.577561912,0.085900427
"[""ca: ('(0.055, 0.465)', '(-0.005, 0.015)')""]","bug: ('1', '0')",0.915948276,0.61155191,0.087149784
"[""rfc: ('(0.105, 0.23500000000000001)', '(0.035, 0.115)')"", ""cam: ('(0.145, 0.265)', '(0.255, 0.535)')""]","bug: ('1', '0')",0.915948276,0.472682927,0.043760513
"[""rfc: ('(0.035, 0.115)', '(-0.005, 0.025)')"", ""ce: ('(0.065, 0.14500000000000002)', '(0.005, 0.07500000000000001)')""]","bug: ('1', '0')",0.905172414,0.529498164,0.089530399
"[""cam: ('(0.145, 0.265)', '(0.255, 0.535)')""]","bug: ('1', '0')",0.894396552,0.411440148,0.035642839
"[""ca: ('(0.024999999999999998, 0.065)', '(0.005, 0.025)')""]","bug: ('1', '0')",0.894396552,0.409308924,0.039470171
"[""ca: ('(0.024999999999999998, 0.065)', '(-0.005, 0.015)')""]","bug: ('1', '0')",0.894396552,0.517836171,0.063650116
"[""ce: ('(0.065, 0.14500000000000002)', '(0.005, 0.07500000000000001)')"", ""dam: ('(0.975, 1.005)', '(-0.005, 0.195)')""]","bug: ('1', '0')",0.88362069,0.5125,0.075857579
"[""lcom3: ('(0.305, 0.415)', '(0.815, 1.005)')""]","bug: ('1', '0')",0.88362069,0.48129515,0.058794616
"[""dam: ('(0.975, 1.005)', '(-0.005, 0.195)')""]","bug: ('1', '0')",0.872844828,0.431020891,0.058262712
"[""ce: ('(0.135, 0.245)', '(0.005, 0.07500000000000001)')""]","bug: ('1', '0')",0.872844828,0.399525834,0.040193149
"[""dam: ('(0.975, 1.005)', '(-0.005, 0.195)')""]","bug: ('1', '0')",0.862068966,0.426832427,0.054763484
"[""lcom3: ('(0.445, 0.495)', '(0.815, 1.005)')""]","bug: ('1', '0')",0.862068966,0.760587727,0.071452255
"[""rfc: ('(0.035, 0.115)', '(-0.005, 0.025)')"", ""ce: ('(0.065, 0.14500000000000002)', '(0.005, 0.07500000000000001)')""]","bug: ('1', '0')",0.862068966,0.491034483,0.069019397
"[""cam: ('(0.145, 0.265)', '(0.255, 0.535)')""]","bug: ('1', '0')",0.862068966,0.40954416,0.034171916
"[""dam: ('(0.975, 1.005)', '(-0.005, 0.195)')""]","bug: ('1', '0')",0.862068966,0.425265791,0.054026673
"[""dam: ('(0.975, 1.005)', '(-0.005, 0.195)')""]","bug: ('1', '0')",0.862068966,0.425265791,0.054026673
"[""lcom3: ('(0.445, 0.495)', '(-0.005, 0.315)')""]","bug: ('1', '0')",0.862068966,0.558761008,0.049918453
"[""cam: ('(0.145, 0.265)', '(0.255, 0.535)')""]","bug: ('1', '0')",0.862068966,0.40954416,0.034171916
"[""lcom3: ('(0.305, 0.415)', '(0.815, 1.005)')""]","bug: ('1', '0')",0.851293103,0.474145891,0.05621408
"[""rfc: ('(0.035, 0.115)', '(-0.005, 0.025)')"", ""ce: ('(0.065, 0.14500000000000002)', '(0.005, 0.07500000000000001)')""]","bug: ('1', '0')",0.851293103,0.495408735,0.067536298
"[""lcom3: ('(0.305, 0.415)', '(0.815, 1.005)')""]","bug: ('1', '0')",0.851293103,0.474145891,0.05621408
"[""max_cc: ('(0.075, 0.34500000000000003)', '(-0.005, 0.015)')"", ""dam: ('(0.975, 1.005)', '(-0.005, 0.195)')""]","bug: ('1', '0')",0.840517241,0.72794357,0.074149274
"[""dam: ('(0.975, 1.005)', '(-0.005, 0.195)')""]","bug: ('1', '0')",0.829741379,0.423722349,0.052527601
"[""ce: ('(0.065, 0.14500000000000002)', '(0.005, 0.07500000000000001)')""]","bug: ('1', '0')",0.829741379,0.36918563,0.032317022
"[""dam: ('(0.975, 1.005)', '(-0.005, 0.195)')""]","bug: ('1', '0')",0.829741379,0.422149123,0.051799758
"[""dam: ('(0.975, 1.005)', '(-0.005, 0.195)')""]","bug: ('1', '0')",0.829741379,0.423722349,0.052527601
"[""dam: ('(0.975, 1.005)', '(-0.005, 0.195)')""]","bug: ('1', '0')",0.829741379,0.423722349,0.052527601
"[""avg_cc: ('(0.095, 1.005)', '(0.035, 0.055)')""]","bug: ('1', '0')",0.829741379,0.578437283,0.128221416
"[""dam: ('(0.975, 1.005)', '(-0.005, 0.195)')""]","bug: ('1', '0')",0.829741379,0.422149123,0.051799758
"[""dam: ('(0.975, 1.005)', '(-0.005, 0.195)')""]","bug: ('1', '0')",0.829741379,0.423722349,0.052527601
"[""dam: ('(0.975, 1.005)', '(-0.005, 0.195)')""]","bug: ('1', '0')",0.829741379,0.422149123,0.051799758
"[""avg_cc: ('(0.095, 1.005)', '(0.035, 0.055)')""]","bug: ('1', '0')",0.829741379,0.578437283,0.128221416
"[""avg_cc: ('(0.095, 1.005)', '(0.035, 0.055)')""]","bug: ('1', '0')",0.829741379,0.575407609,0.128749102
"[""dam: ('(0.975, 1.005)', '(-0.005, 0.195)')""]","bug: ('1', '0')",0.829741379,0.422149123,0.051799758
"[""ce: ('(0.235, 0.395)', '(0.005, 0.07500000000000001)')""]","bug: ('1', '0')",0.818965517,0.547425885,0.058688373
"[""ce: ('(0.065, 0.14500000000000002)', '(0.005, 0.07500000000000001)')""]","bug: ('1', '0')",0.818965517,0.382747934,0.049132588
"[""rfc: ('(0.105, 0.23500000000000001)', '(-0.005, 0.025)')"", ""cam: ('(0.145, 0.265)', '(0.595, 0.785)')""]","bug: ('1', '0')",0.818965517,0.817721519,0.087502728
"[""ce: ('(0.065, 0.14500000000000002)', '(0.005, 0.07500000000000001)')""]","bug: ('1', '0')",0.808189655,0.364923747,0.030901369
"[""ce: ('(0.065, 0.14500000000000002)', '(0.005, 0.07500000000000001)')"", ""dam: ('(0.975, 1.005)', '(-0.005, 0.195)')""]","bug: ('1', '0')",0.808189655,0.491902834,0.060174682
"[""ce: ('(0.065, 0.14500000000000002)', '(0.005, 0.07500000000000001)')""]","bug: ('1', '0')",0.808189655,0.364923747,0.030901369
"[""ce: ('(0.065, 0.14500000000000002)', '(0.005, 0.07500000000000001)')""]","bug: ('1', '0')",0.808189655,0.392026578,0.035541872
"[""ce: ('(0.135, 0.245)', '(0.005, 0.07500000000000001)')""]","bug: ('1', '0')",0.808189655,0.365173938,0.029121545
"[""ce: ('(0.065, 0.14500000000000002)', '(0.005, 0.07500000000000001)')"", ""dam: ('(0.975, 1.005)', '(-0.005, 0.195)')""]","bug: ('1', '0')",0.808189655,0.472547255,0.056877347
"[""max_cc: ('(0.075, 0.34500000000000003)', '(-0.005, 0.015)')""]","bug: ('1', '0')",0.797413793,0.659136823,0.081345785
"[""max_cc: ('(0.075, 0.34500000000000003)', '(-0.005, 0.015)')""]","bug: ('1', '0')",0.797413793,0.656395892,0.079573755
"[""max_cc: ('(0.075, 0.34500000000000003)', '(-0.005, 0.015)')"", ""rfc: ('(0.105, 0.23500000000000001)', '(-0.005, 0.025)')""]","bug: ('1', '0')",0.797413793,0.821219512,0.087547309
"[""cbo: ('(0.11499999999999999, 0.425)', '(-0.005, 0.025)')""]","bug: ('1', '0')",0.797413793,0.593947368,0.055428341
"[""cbo: ('(0.11499999999999999, 0.425)', '(0.015, 0.045)')""]","bug: ('1', '0')",0.797413793,0.447741401,0.036213684
"[""max_cc: ('(0.075, 0.34500000000000003)', '(-0.005, 0.015)')""]","bug: ('1', '0')",0.797413793,0.656395892,0.079573755
"[""rfc: ('(0.105, 0.23500000000000001)', '(-0.005, 0.025)')""]","bug: ('1', '0')",0.797413793,0.667825799,0.068373728
"[""rfc: ('(0.105, 0.23500000000000001)', '(-0.005, 0.025)')"", ""dam: ('(0.975, 1.005)', '(-0.005, 0.195)')""]","bug: ('1', '0')",0.786637931,0.730891331,0.069947318
"[""ce: ('(0.065, 0.14500000000000002)', '(0.005, 0.07500000000000001)')""]","bug: ('1', '0')",0.786637931,0.387581552,0.03408867
"[""dam: ('(0.975, 1.005)', '(-0.005, 0.195)')""]","bug: ('1', '0')",0.786637931,0.46173308,0.060270876
"[""ce: ('(0.065, 0.14500000000000002)', '(0.005, 0.07500000000000001)')""]","bug: ('1', '0')",0.786637931,0.387581552,0.03408867
"[""ce: ('(0.235, 0.395)', '(0.005, 0.07500000000000001)')""]","bug: ('1', '0')",0.775862069,0.534867002,0.0558687
"[""dam: ('(0.975, 1.005)', '(-0.005, 0.195)')""]","bug: ('1', '0')",0.775862069,0.455849667,0.05581043
"[""dam: ('(0.975, 1.005)', '(-0.005, 0.195)')""]","bug: ('1', '0')",0.775862069,0.455849667,0.05581043
"[""dam: ('(0.975, 1.005)', '(-0.005, 0.195)')""]","bug: ('1', '0')",0.775862069,0.457586299,0.05657861
"[""ce: ('(0.135, 0.245)', '(0.005, 0.07500000000000001)')""]","bug: ('1', '0')",0.775862069,0.351648352,0.025364721
"[""ce: ('(0.065, 0.14500000000000002)', '(0.005, 0.07500000000000001)')""]","bug: ('1', '0')",0.775862069,0.375,0.046501989
"[""rfc: ('(0.035, 0.115)', '(-0.005, 0.025)')""]","bug: ('1', '0')",0.765086207,0.551580849,0.07315759
"[""rfc: ('(0.035, 0.115)', '(-0.005, 0.025)')""]","bug: ('1', '0')",0.765086207,0.563811685,0.071869743
"[""lcom3: ('(0.305, 0.415)', '(-0.005, 0.315)')""]","bug: ('1', '0')",0.765086207,0.384211364,0.053755653
"[""rfc: ('(0.035, 0.115)', '(-0.005, 0.025)')""]","bug: ('1', '0')",0.765086207,0.563811685,0.071869743
"[""lcom3: ('(0.305, 0.415)', '(-0.005, 0.315)')""]","bug: ('1', '0')",0.765086207,0.380357143,0.031509775
"[""rfc: ('(0.035, 0.115)', '(-0.005, 0.025)')""]","bug: ('1', '0')",0.765086207,0.563811685,0.071869743
"[""rfc: ('(0.105, 0.23500000000000001)', '(-0.005, 0.025)')""]","bug: ('1', '0')",0.765086207,0.660775273,0.065485444
"[""rfc: ('(0.035, 0.115)', '(-0.005, 0.025)')""]","bug: ('1', '0')",0.765086207,0.563811685,0.071869743
"[""avg_cc: ('(0.095, 1.005)', '(0.035, 0.055)')""]","bug: ('1', '0')",0.765086207,0.599350649,0.131414204
"[""avg_cc: ('(0.095, 1.005)', '(0.035, 0.055)')""]","bug: ('1', '0')",0.765086207,0.599350649,0.131414204
"[""lcom3: ('(0.40499999999999997, 0.455)', '(-0.005, 0.315)')""]","bug: ('1', '0')",0.765086207,0.474614038,0.044119206
"[""ca: ('(0.055, 0.465)', '(0.005, 0.025)')""]","bug: ('1', '0')",0.765086207,0.404824561,0.03527677
"[""rfc: ('(0.105, 0.23500000000000001)', '(-0.005, 0.025)')""]","bug: ('1', '0')",0.765086207,0.660775273,0.065485444
"[""avg_cc: ('(0.095, 1.005)', '(0.035, 0.055)')""]","bug: ('1', '0')",0.765086207,0.595568452,0.131757099
"[""ca: ('(0.055, 0.465)', '(0.005, 0.025)')""]","bug: ('1', '0')",0.765086207,0.404824561,0.03527677
"[""rfc: ('(0.035, 0.115)', '(-0.005, 0.025)')""]","bug: ('1', '0')",0.765086207,0.551580849,0.07315759
"[""rfc: ('(0.035, 0.115)', '(-0.005, 0.025)')""]","bug: ('1', '0')",0.765086207,0.563811685,0.071869743
"[""ca: ('(0.055, 0.465)', '(0.005, 0.025)')""]","bug: ('1', '0')",0.765086207,0.404846757,0.035907046
"[""rfc: ('(0.035, 0.115)', '(-0.005, 0.025)')""]","bug: ('1', '0')",0.765086207,0.547525108,0.073013036
"[""rfc: ('(0.035, 0.115)', '(-0.005, 0.025)')""]","bug: ('1', '0')",0.765086207,0.563811685,0.071869743
"[""rfc: ('(0.035, 0.115)', '(-0.005, 0.025)')""]","bug: ('1', '0')",0.765086207,0.563811685,0.071869743
"[""rfc: ('(0.035, 0.115)', '(-0.005, 0.025)')""]","bug: ('1', '0')",0.765086207,0.551580849,0.07315759
"[""rfc: ('(0.035, 0.115)', '(-0.005, 0.025)')""]","bug: ('1', '0')",0.765086207,0.563811685,0.071869743
"[""lcom3: ('(0.40499999999999997, 0.455)', '(-0.005, 0.315)')""]","bug: ('1', '0')",0.754310345,0.471796518,0.043735751
"[""moa: ('(0.024999999999999998, 0.095)', '(-0.005, 0.034999999999999996)')""]","bug: ('1', '0')",0.754310345,0.3828125,0.028663793
"[""cam: ('(0.145, 0.265)', '(0.255, 0.535)')""]","bug: ('1', '0')",0.754310345,0.409992828,0.029906044
"[""lcom3: ('(0.305, 0.415)', '(-0.005, 0.315)')""]","bug: ('1', '0')",0.754310345,0.384724993,0.053273725
"[""ce: ('(0.065, 0.14500000000000002)', '(0.005, 0.07500000000000001)')""]","bug: ('1', '0')",0.754310345,0.36977887,0.034678683
"[""lcom3: ('(0.305, 0.415)', '(-0.005, 0.315)')""]","bug: ('1', '0')",0.754310345,0.381429817,0.031463576
"[""cam: ('(0.145, 0.265)', '(0.255, 0.535)')""]","bug: ('1', '0')",0.754310345,0.409992828,0.029906044
"[""rfc: ('(0.105, 0.23500000000000001)', '(0.015, 0.045)')""]","bug: ('1', '0')",0.743534483,0.604962779,0.117109288
"[""max_cc: ('(0.075, 0.34500000000000003)', '(0.005, 0.045)')""]","bug: ('1', '0')",0.743534483,0.447837672,0.046073381
"[""dam: ('(0.975, 1.005)', '(-0.005, 0.195)')""]","bug: ('1', '0')",0.743534483,0.404159593,0.037783575
"[""rfc: ('(0.105, 0.23500000000000001)', '(-0.005, 0.025)')"", ""ce: ('(0.235, 0.395)', '(0.005, 0.07500000000000001)')""]","bug: ('1', '0')",0.743534483,0.824466572,0.065120236
"[""dam: ('(0.975, 1.005)', '(-0.005, 0.195)')""]","bug: ('1', '0')",0.743534483,0.452975596,0.053538441
"[""dam: ('(0.975, 1.005)', '(-0.005, 0.195)')""]","bug: ('1', '0')",0.743534483,0.404159593,0.037783575
"[""dam: ('(0.975, 1.005)', '(-0.005, 0.195)')""]","bug: ('1', '0')",0.743534483,0.404159593,0.037783575
"[""dam: ('(0.975, 1.005)', '(-0.005, 0.195)')""]","bug: ('1', '0')",0.743534483,0.452975596,0.053538441
"[""rfc: ('(0.225, 0.995)', '(-0.005, 0.025)')""]","bug: ('1', '0')",0.743534483,0.87376553,0.068407929
"[""rfc: ('(0.225, 0.995)', '(0.015, 0.045)')""]","bug: ('1', '0')",0.743534483,0.701281485,0.054053115
"[""dam: ('(0.975, 1.005)', '(-0.005, 0.195)')""]","bug: ('1', '0')",0.743534483,0.454719388,0.05429715
"[""max_cc: ('(0.075, 0.34500000000000003)', '(0.005, 0.045)')""]","bug: ('1', '0')",0.743534483,0.447837672,0.046073381
"[""lcom3: ('(0.445, 0.495)', '(-0.005, 0.315)')""]","bug: ('1', '0')",0.743534483,0.535409836,0.040568471
"[""max_cc: ('(0.075, 0.34500000000000003)', '(0.005, 0.045)')""]","bug: ('1', '0')",0.743534483,0.44970772,0.04728238
"[""rfc: ('(0.105, 0.23500000000000001)', '(-0.005, 0.025)')""]","bug: ('1', '0')",0.743534483,0.711236934,0.062210892
"[""dam: ('(0.975, 1.005)', '(-0.005, 0.195)')""]","bug: ('1', '0')",0.743534483,0.452975596,0.053538441
"[""dam: ('(0.975, 1.005)', '(-0.005, 0.195)')""]","bug: ('1', '0')",0.743534483,0.454719388,0.05429715
"[""dam: ('(0.975, 1.005)', '(-0.005, 0.195)')""]","bug: ('1', '0')",0.743534483,0.454719388,0.05429715
"[""dam: ('(0.975, 1.005)', '(-0.005, 0.195)')""]","bug: ('1', '0')",0.743534483,0.452975596,0.053538441
"[""dam: ('(0.975, 1.005)', '(-0.005, 0.195)')""]","bug: ('1', '0')",0.743534483,0.454719388,0.05429715
"[""moa: ('(0.024999999999999998, 0.095)', '(-0.005, 0.034999999999999996)')""]","bug: ('1', '0')",0.743534483,0.383154706,0.028467784
"[""lcom3: ('(0.305, 0.415)', '(-0.005, 0.315)')""]","bug: ('1', '0')",0.732758621,0.392547888,0.040634416
"[""dam: ('(0.975, 1.005)', '(-0.005, 0.195)')""]","bug: ('1', '0')",0.732758621,0.405812143,0.03769259
"[""lcom3: ('(0.305, 0.415)', '(-0.005, 0.315)')""]","bug: ('1', '0')",0.732758621,0.392547888,0.040634416
"[""dam: ('(0.975, 1.005)', '(-0.005, 0.195)')""]","bug: ('1', '0')",0.732758621,0.405812143,0.03769259
"[""rfc: ('(0.105, 0.23500000000000001)', '(-0.005, 0.025)')"", ""lcom3: ('(0.305, 0.415)', '(0.815, 1.005)')""]","bug: ('1', '0')",0.732758621,0.67835766,0.062520142
"[""dam: ('(0.975, 1.005)', '(-0.005, 0.195)')""]","bug: ('1', '0')",0.732758621,0.405812143,0.03769259
"[""dam: ('(0.975, 1.005)', '(-0.005, 0.195)')""]","bug: ('1', '0')",0.732758621,0.405812143,0.03769259
"[""moa: ('(0.08499999999999999, 0.155)', '(-0.005, 0.034999999999999996)')""]","bug: ('1', '0')",0.732758621,0.502479024,0.043211947
"[""dam: ('(0.975, 1.005)', '(-0.005, 0.195)')""]","bug: ('1', '0')",0.732758621,0.405812143,0.03769259
"[""dam: ('(0.285, 0.905)', '(-0.005, 0.195)')""]","bug: ('1', '0')",0.732758621,0.537069065,0.049410676
"[""max_cc: ('(0.075, 0.34500000000000003)', '(-0.005, 0.015)')"", ""dam: ('(0.285, 0.905)', '(-0.005, 0.195)')""]","bug: ('1', '0')",0.732758621,0.724210526,0.064598457
"[""lcom3: ('(0.305, 0.415)', '(-0.005, 0.315)')""]","bug: ('1', '0')",0.732758621,0.397865364,0.042768664
"[""dam: ('(0.975, 1.005)', '(-0.005, 0.195)')""]","bug: ('1', '0')",0.732758621,0.405812143,0.03769259
"[""dam: ('(0.975, 1.005)', '(-0.005, 0.195)')""]","bug: ('1', '0')",0.732758621,0.405812143,0.03769259
"[""dam: ('(0.975, 1.005)', '(-0.005, 0.195)')""]","bug: ('1', '0')",0.732758621,0.405812143,0.03769259
"[""avg_cc: ('(0.095, 1.005)', '(0.035, 0.055)')""]","bug: ('1', '0')",0.721982759,0.472985693,0.05422985
"[""avg_cc: ('(0.095, 1.005)', '(0.035, 0.055)')""]","bug: ('1', '0')",0.721982759,0.467354911,0.052904351
"[""max_cc: ('(0.075, 0.34500000000000003)', '(-0.005, 0.015)')""]","bug: ('1', '0')",0.721982759,0.65251004,0.079598567
"[""max_cc: ('(0.075, 0.34500000000000003)', '(-0.005, 0.015)')""]","bug: ('1', '0')",0.721982759,0.649887686,0.077858849
"[""max_cc: ('(0.075, 0.34500000000000003)', '(-0.005, 0.015)')""]","bug: ('1', '0')",0.721982759,0.649887686,0.077858849
"[""ce: ('(0.065, 0.14500000000000002)', '(0.005, 0.07500000000000001)')""]","bug: ('1', '0')",0.721982759,0.363854509,0.033052691
"[""avg_cc: ('(0.095, 1.005)', '(0.035, 0.055)')""]","bug: ('1', '0')",0.721982759,0.472985693,0.05422985
"[""lcom3: ('(0.445, 0.495)', '(-0.005, 0.315)')""]","bug: ('1', '0')",0.711206897,0.53030303,0.038419065
"[""dam: ('(0.285, 0.905)', '(-0.005, 0.195)')""]","bug: ('1', '0')",0.711206897,0.532132768,0.047742548
"[""rfc: ('(0.105, 0.23500000000000001)', '(-0.005, 0.025)')""]","bug: ('1', '0')",0.711206897,0.649707602,0.060061252
"[""rfc: ('(0.105, 0.23500000000000001)', '(-0.005, 0.025)')"", ""ce: ('(0.135, 0.245)', '(0.005, 0.07500000000000001)')""]","bug: ('1', '0')",0.711206897,0.738707528,0.061263612
"[""max_cc: ('(0.075, 0.34500000000000003)', '(0.005, 0.015)')"", ""dam: ('(0.285, 0.905)', '(-0.005, 0.195)')""]","bug: ('1', '0')",0.711206897,0.788059701,0.071908775
"[""dam: ('(0.285, 0.905)', '(-0.005, 0.195)')""]","bug: ('1', '0')",0.711206897,0.532132768,0.047742548
"[""rfc: ('(0.105, 0.23500000000000001)', '(-0.005, 0.025)')"", ""cbo: ('(0.065, 0.125)', '(-0.005, 0.025)')""]","bug: ('1', '0')",0.711206897,0.810810811,0.066460857
"[""max_cc: ('(0.075, 0.34500000000000003)', '(0.005, 0.015)')"", ""dam: ('(0.975, 1.005)', '(-0.005, 0.195)')""]","bug: ('1', '0')",0.711206897,0.792121865,0.082491637
"[""rfc: ('(0.035, 0.115)', '(-0.005, 0.025)')"", ""ce: ('(0.065, 0.14500000000000002)', '(0.005, 0.07500000000000001)')""]","bug: ('1', '0')",0.700431034,0.560625,0.055226293
"[""avg_cc: ('(0.095, 1.005)', '(0.035, 0.055)')""]","bug: ('1', '0')",0.689655172,0.485402597,0.055922526
"[""cam: ('(0.145, 0.265)', '(0.255, 0.535)')""]","bug: ('1', '0')",0.689655172,0.461261261,0.036521435
"[""cam: ('(0.145, 0.265)', '(0.255, 0.535)')""]","bug: ('1', '0')",0.689655172,0.461261261,0.036521435
"[""max_cc: ('(0.075, 0.34500000000000003)', '(-0.005, 0.015)')"", ""lcom3: ('(0.305, 0.415)', '(0.815, 1.005)')""]","bug: ('1', '0')",0.689655172,0.744186047,0.067238427
"[""cam: ('(0.145, 0.265)', '(0.255, 0.535)')""]","bug: ('1', '0')",0.689655172,0.460829493,0.037869458
"[""dam: ('(0.975, 1.005)', '(-0.005, 0.195)')""]","bug: ('1', '0')",0.689655172,0.411906677,0.03575627
"[""avg_cc: ('(0.095, 1.005)', '(0.035, 0.055)')""]","bug: ('1', '0')",0.689655172,0.479179487,0.054487179
"[""rfc: ('(0.035, 0.115)', '(-0.005, 0.025)')"", ""dam: ('(0.975, 1.005)', '(-0.005, 0.195)')""]","bug: ('1', '0')",0.689655172,0.531320755,0.055258621
"[""rfc: ('(0.105, 0.23500000000000001)', '(-0.005, 0.025)')""]","bug: ('1', '0')",0.689655172,0.719670573,0.05783484
"[""avg_cc: ('(0.095, 1.005)', '(0.035, 0.055)')""]","bug: ('1', '0')",0.689655172,0.485402597,0.055922526
"[""rfc: ('(0.105, 0.23500000000000001)', '(-0.005, 0.025)')""]","bug: ('1', '0')",0.67887931,0.641560799,0.057197142
"[""cbo: ('(0.035, 0.07500000000000001)', '(-0.005, 0.025)')""]","bug: ('1', '0')",0.67887931,0.494505495,0.047303835
"[""cbo: ('(0.035, 0.07500000000000001)', '(-0.005, 0.025)')""]","bug: ('1', '0')",0.67887931,0.494505495,0.047303835
"[""cbo: ('(0.035, 0.07500000000000001)', '(-0.005, 0.025)')""]","bug: ('1', '0')",0.67887931,0.540097667,0.048891308
"[""rfc: ('(0.035, 0.115)', '(-0.005, 0.025)')""]","bug: ('1', '0')",0.67887931,0.555229142,0.062398066
"[""cbo: ('(0.035, 0.07500000000000001)', '(-0.005, 0.025)')""]","bug: ('1', '0')",0.67887931,0.540097667,0.048891308
"[""cbo: ('(0.035, 0.07500000000000001)', '(-0.005, 0.025)')""]","bug: ('1', '0')",0.67887931,0.540097667,0.048891308
"[""rfc: ('(0.105, 0.23500000000000001)', '(-0.005, 0.025)')""]","bug: ('1', '0')",0.67887931,0.641560799,0.057197142
"[""rfc: ('(0.035, 0.115)', '(-0.005, 0.025)')"", ""ce: ('(0.065, 0.14500000000000002)', '(0.005, 0.07500000000000001)')""]","bug: ('1', '0')",0.67887931,0.554464286,0.053367457
"[""rfc: ('(0.035, 0.115)', '(-0.005, 0.025)')""]","bug: ('1', '0')",0.67887931,0.555229142,0.062398066
"[""rfc: ('(0.035, 0.115)', '(-0.005, 0.025)')""]","bug: ('1', '0')",0.67887931,0.555229142,0.062398066
"[""rfc: ('(0.035, 0.115)', '(-0.005, 0.025)')"", ""ce: ('(0.065, 0.14500000000000002)', '(0.005, 0.07500000000000001)')""]","bug: ('1', '0')",0.67887931,0.578064516,0.053189655
"[""rfc: ('(0.035, 0.115)', '(-0.005, 0.025)')""]","bug: ('1', '0')",0.67887931,0.555229142,0.062398066
"[""rfc: ('(0.035, 0.115)', '(-0.005, 0.025)')"", ""ce: ('(0.065, 0.14500000000000002)', '(0.005, 0.07500000000000001)')""]","bug: ('1', '0')",0.67887931,0.554464286,0.053367457
"[""dam: ('(0.975, 1.005)', '(-0.005, 0.195)')""]","bug: ('1', '0')",0.67887931,0.417520969,0.035969084
"[""rfc: ('(0.105, 0.23500000000000001)', '(-0.005, 0.025)')""]","bug: ('1', '0')",0.67887931,0.717747112,0.056901808
"[""rfc: ('(0.105, 0.23500000000000001)', '(-0.005, 0.025)')""]","bug: ('1', '0')",0.67887931,0.717747112,0.056901808
"[""rfc: ('(0.035, 0.115)', '(-0.005, 0.025)')""]","bug: ('1', '0')",0.67887931,0.555229142,0.062398066
"[""rfc: ('(0.035, 0.115)', '(-0.005, 0.025)')""]","bug: ('1', '0')",0.67887931,0.555229142,0.062398066
"[""rfc: ('(0.035, 0.115)', '(-0.005, 0.025)')""]","bug: ('1', '0')",0.67887931,0.555229142,0.062398066
"[""rfc: ('(0.035, 0.115)', '(-0.005, 0.025)')""]","bug: ('1', '0')",0.67887931,0.541769042,0.063592148
"[""rfc: ('(0.035, 0.115)', '(-0.005, 0.025)')""]","bug: ('1', '0')",0.67887931,0.541769042,0.063592148
"[""rfc: ('(0.035, 0.115)', '(-0.005, 0.025)')""]","bug: ('1', '0')",0.67887931,0.541769042,0.063592148
"[""rfc: ('(0.035, 0.115)', '(-0.005, 0.025)')""]","bug: ('1', '0')",0.67887931,0.537328312,0.063431966
"[""dam: ('(0.975, 1.005)', '(-0.005, 0.195)')""]","bug: ('1', '0')",0.67887931,0.417520969,0.035969084
"[""dam: ('(0.975, 1.005)', '(-0.005, 0.195)')""]","bug: ('1', '0')",0.67887931,0.417520969,0.035969084
"[""rfc: ('(0.035, 0.115)', '(-0.005, 0.025)')""]","bug: ('1', '0')",0.67887931,0.555229142,0.062398066
"[""rfc: ('(0.035, 0.115)', '(-0.005, 0.025)')"", ""dam: ('(0.975, 1.005)', '(-0.005, 0.195)')""]","bug: ('1', '0')",0.67887931,0.541237113,0.054290348
"[""cbo: ('(0.035, 0.07500000000000001)', '(-0.005, 0.025)')""]","bug: ('1', '0')",0.67887931,0.494505495,0.047303835
"[""dam: ('(0.975, 1.005)', '(-0.005, 0.195)')""]","bug: ('1', '0')",0.668103448,0.419450317,0.035886127
"[""rfc: ('(0.035, 0.115)', '(-0.005, 0.025)')"", ""dam: ('(0.975, 1.005)', '(-0.005, 0.195)')""]","bug: ('1', '0')",0.668103448,0.524615385,0.053362069
"[""rfc: ('(0.035, 0.115)', '(-0.005, 0.025)')"", ""dam: ('(0.975, 1.005)', '(-0.005, 0.195)')""]","bug: ('1', '0')",0.668103448,0.524615385,0.053362069
"[""moa: ('(0.08499999999999999, 0.155)', '(-0.005, 0.034999999999999996)')""]","bug: ('1', '0')",0.668103448,0.439258819,0.030845905
"[""cam: ('(0.145, 0.265)', '(0.255, 0.535)')""]","bug: ('1', '0')",0.668103448,0.453767653,0.035155014
"[""dam: ('(0.285, 0.905)', '(-0.005, 0.195)')""]","bug: ('1', '0')",0.668103448,0.47819463,0.036738384
"[""dam: ('(0.975, 1.005)', '(-0.005, 0.195)')""]","bug: ('1', '0')",0.668103448,0.419450317,0.035886127
"[""dam: ('(0.975, 1.005)', '(-0.005, 0.195)')""]","bug: ('1', '0')",0.668103448,0.419450317,0.035886127
"[""dam: ('(0.975, 1.005)', '(-0.005, 0.195)')""]","bug: ('1', '0')",0.668103448,0.419450317,0.035886127
"[""rfc: ('(0.105, 0.23500000000000001)', '(0.035, 0.115)')"", ""moa: ('(0.145, 0.265)', '(-0.005, 0.034999999999999996)')""]","bug: ('1', '0')",0.668103448,0.597721297,0.040154961
"[""rfc: ('(0.105, 0.23500000000000001)', '(-0.005, 0.025)')"", ""moa: ('(0.145, 0.265)', '(-0.005, 0.034999999999999996)')""]","bug: ('1', '0')",0.668103448,0.926237162,0.062816937
"[""dam: ('(0.975, 1.005)', '(-0.005, 0.195)')""]","bug: ('1', '0')",0.668103448,0.419450317,0.035886127
"[""cam: ('(0.145, 0.265)', '(0.255, 0.535)')""]","bug: ('1', '0')",0.668103448,0.453919035,0.033804278
"[""dam: ('(0.975, 1.005)', '(-0.005, 0.195)')""]","bug: ('1', '0')",0.668103448,0.419450317,0.035886127
"[""ca: ('(0.055, 0.465)', '(0.005, 0.025)')"", ""cbo: ('(0.11499999999999999, 0.425)', '(-0.005, 0.025)')""]","bug: ('1', '0')",0.668103448,0.571052632,0.044124319
"[""dam: ('(0.975, 1.005)', '(-0.005, 0.195)')""]","bug: ('1', '0')",0.668103448,0.419450317,0.035886127
"[""moa: ('(0.08499999999999999, 0.155)', '(-0.005, 0.034999999999999996)')""]","bug: ('1', '0')",0.668103448,0.436494253,0.03048222
"[""cam: ('(0.145, 0.265)', '(0.255, 0.535)')""]","bug: ('1', '0')",0.668103448,0.453919035,0.033804278
"[""rfc: ('(0.035, 0.115)', '(-0.005, 0.025)')"", ""dam: ('(0.975, 1.005)', '(-0.005, 0.195)')""]","bug: ('1', '0')",0.657327586,0.534536082,0.052401795
"[""avg_cc: ('(0.045000000000000005, 0.095)', '(0.035, 0.055)')"", ""dam: ('(0.975, 1.005)', '(-0.005, 0.195)')""]","bug: ('1', '0')",0.657327586,0.508333333,0.061324451
"[""cam: ('(0.145, 0.265)', '(0.595, 0.785)')""]","bug: ('1', '0')",0.657327586,0.645502646,0.071243842
"[""rfc: ('(0.035, 0.115)', '(-0.005, 0.025)')"", ""ce: ('(0.065, 0.14500000000000002)', '(0.005, 0.07500000000000001)')""]","bug: ('1', '0')",0.657327586,0.572014652,0.051350575
"[""lcom3: ('(0.305, 0.415)', '(-0.005, 0.315)')""]","bug: ('1', '0')",0.657327586,0.398165744,0.0378813
"[""avg_cc: ('(0.095, 1.005)', '(0.035, 0.055)')"", ""dam: ('(0.975, 1.005)', '(-0.005, 0.195)')""]","bug: ('1', '0')",0.657327586,0.623203463,0.112868992
"[""cam: ('(0.145, 0.265)', '(0.595, 0.785)')""]","bug: ('1', '0')",0.657327586,0.642431164,0.072592885
"[""lcom3: ('(0.445, 0.495)', '(-0.005, 0.315)')"", ""dam: ('(0.285, 0.905)', '(0.975, 1.005)')""]","bug: ('1', '0')",0.657327586,0.519508814,0.034588404
"[""rfc: ('(0.105, 0.23500000000000001)', '(-0.005, 0.025)')""]","bug: ('1', '0')",0.657327586,0.692432432,0.053719129
"[""avg_cc: ('(0.095, 1.005)', '(0.035, 0.055)')"", ""dam: ('(0.285, 0.905)', '(-0.005, 0.195)')""]","bug: ('1', '0')",0.657327586,0.719842657,0.07879441
"[""lcom3: ('(0.445, 0.495)', '(0.815, 1.005)')"", ""dam: ('(0.285, 0.905)', '(-0.005, 0.195)')""]","bug: ('1', '0')",0.657327586,0.782051282,0.054791114
"[""dam: ('(0.285, 0.905)', '(-0.005, 0.195)')""]","bug: ('1', '0')",0.657327586,0.554545455,0.046767241
"[""rfc: ('(0.035, 0.115)', '(-0.005, 0.025)')"", ""dam: ('(0.975, 1.005)', '(-0.005, 0.195)')""]","bug: ('1', '0')",0.657327586,0.534536082,0.052401795
"[""rfc: ('(0.035, 0.115)', '(-0.005, 0.025)')"", ""ce: ('(0.065, 0.14500000000000002)', '(0.005, 0.07500000000000001)')""]","bug: ('1', '0')",0.657327586,0.572014652,0.051350575
"[""lcom3: ('(0.305, 0.415)', '(-0.005, 0.315)')""]","bug: ('1', '0')",0.657327586,0.398165744,0.0378813
"[""lcom3: ('(0.305, 0.415)', '(-0.005, 0.315)')""]","bug: ('1', '0')",0.657327586,0.40416936,0.040048314
"[""cam: ('(0.145, 0.265)', '(0.595, 0.785)')""]","bug: ('1', '0')",0.657327586,0.645502646,0.071243842
"[""ce: ('(0.065, 0.14500000000000002)', '(0.005, 0.07500000000000001)')""]","bug: ('1', '0')",0.646551724,0.419450054,0.026946519
"[""max_cc: ('(0.075, 0.34500000000000003)', '(0.005, 0.045)')""]","bug: ('1', '0')",0.646551724,0.473579262,0.050012677
"[""max_cc: ('(0.075, 0.34500000000000003)', '(0.005, 0.045)')""]","bug: ('1', '0')",0.646551724,0.475490196,0.051280426
"[""max_cc: ('(0.075, 0.34500000000000003)', '(0.005, 0.045)')""]","bug: ('1', '0')",0.646551724,0.473579262,0.050012677
"[""ce: ('(0.065, 0.14500000000000002)', '(0.005, 0.07500000000000001)')""]","bug: ('1', '0')",0.646551724,0.419450054,0.026946519
"[""rfc: ('(0.105, 0.23500000000000001)', '(0.035, 0.115)')"", ""lcom3: ('(0.305, 0.415)', '(-0.005, 0.315)')""]","bug: ('1', '0')",0.646551724,0.420575198,0.030162528
"[""ce: ('(0.065, 0.14500000000000002)', '(0.005, 0.07500000000000001)')""]","bug: ('1', '0')",0.646551724,0.419450054,0.026946519
"[""max_cc: ('(0.035, 0.085)', '(0.005, 0.045)')""]","bug: ('1', '0')",0.646551724,0.329985653,0.016400336
"[""ce: ('(0.065, 0.14500000000000002)', '(0.005, 0.07500000000000001)')""]","bug: ('1', '0')",0.646551724,0.420180723,0.027202317
"[""max_cc: ('(0.035, 0.085)', '(-0.005, 0.015)')""]","bug: ('1', '0')",0.646551724,0.483660131,0.045114943
"[""max_cc: ('(0.035, 0.085)', '(0.005, 0.045)')""]","bug: ('1', '0')",0.635775862,0.327698624,0.015795837
"[""cbo: ('(0.11499999999999999, 0.425)', '(-0.005, 0.025)')""]","bug: ('1', '0')",0.635775862,0.587356894,0.047347818
"[""ce: ('(0.065, 0.14500000000000002)', '(0.005, 0.07500000000000001)')""]","bug: ('1', '0')",0.635775862,0.431541749,0.027478448
"[""ce: ('(0.065, 0.14500000000000002)', '(0.005, 0.07500000000000001)')""]","bug: ('1', '0')",0.635775862,0.431541749,0.027478448
"[""dam: ('(0.285, 0.905)', '(-0.005, 0.195)')""]","bug: ('1', '0')",0.635775862,0.48026048,0.034952476
"[""max_cc: ('(0.035, 0.085)', '(0.005, 0.045)')""]","bug: ('1', '0')",0.635775862,0.327698624,0.015795837
"[""ce: ('(0.065, 0.14500000000000002)', '(0.005, 0.07500000000000001)')""]","bug: ('1', '0')",0.635775862,0.431541749,0.027478448
"[""max_cc: ('(0.035, 0.085)', '(-0.005, 0.015)')""]","bug: ('1', '0')",0.635775862,0.480308031,0.044228927
"[""ce: ('(0.065, 0.14500000000000002)', '(0.005, 0.07500000000000001)')""]","bug: ('1', '0')",0.635775862,0.431541749,0.027478448
"[""ce: ('(0.065, 0.14500000000000002)', '(0.005, 0.07500000000000001)')""]","bug: ('1', '0')",0.635775862,0.431541749,0.027478448
"[""ce: ('(0.065, 0.14500000000000002)', '(0.005, 0.07500000000000001)')""]","bug: ('1', '0')",0.635775862,0.431541749,0.027478448
"[""ce: ('(0.065, 0.14500000000000002)', '(0.005, 0.07500000000000001)')""]","bug: ('1', '0')",0.635775862,0.431541749,0.027478448
"[""ce: ('(0.065, 0.14500000000000002)', '(0.005, 0.07500000000000001)')""]","bug: ('1', '0')",0.635775862,0.431541749,0.027478448
"[""dam: ('(0.285, 0.905)', '(-0.005, 0.195)')""]","bug: ('1', '0')",0.635775862,0.48026048,0.034952476
"[""dam: ('(0.285, 0.905)', '(-0.005, 0.195)')""]","bug: ('1', '0')",0.635775862,0.48026048,0.034952476
"[""max_cc: ('(0.035, 0.085)', '(-0.005, 0.015)')""]","bug: ('1', '0')",0.635775862,0.480308031,0.044228927
"[""cam: ('(0.145, 0.265)', '(0.255, 0.535)')"", ""dam: ('(0.975, 1.005)', '(-0.005, 0.195)')""]","bug: ('1', '0')",0.635775862,0.678829717,0.054956897
"[""max_cc: ('(0.075, 0.34500000000000003)', '(-0.005, 0.015)')"", ""moa: ('(0.145, 0.265)', '(-0.005, 0.034999999999999996)')""]","bug: ('1', '0')",0.635775862,0.788928828,0.054413068
"[""max_cc: ('(0.075, 0.34500000000000003)', '(0.005, 0.015)')"", ""moa: ('(0.145, 0.265)', '(-0.005, 0.034999999999999996)')""]","bug: ('1', '0')",0.635775862,0.81158371,0.056161258
"[""max_cc: ('(0.075, 0.34500000000000003)', '(0.005, 0.045)')"", ""moa: ('(0.145, 0.265)', '(-0.005, 0.034999999999999996)')""]","bug: ('1', '0')",0.635775862,0.564241164,0.03707479
"[""cam: ('(0.145, 0.265)', '(0.595, 0.785)')""]","bug: ('1', '0')",0.635775862,0.64612015,0.062024594
"[""rfc: ('(0.105, 0.23500000000000001)', '(0.035, 0.115)')"", ""lcom3: ('(0.40499999999999997, 0.455)', '(-0.005, 0.315)')""]","bug: ('1', '0')",0.635775862,0.499647142,0.03209032
"[""rfc: ('(0.105, 0.23500000000000001)', '(-0.005, 0.025)')"", ""lcom3: ('(0.40499999999999997, 0.455)', '(0.815, 1.005)')""]","bug: ('1', '0')",0.635775862,0.80589504,0.055722285
"[""dam: ('(0.285, 0.905)', '(-0.005, 0.195)')""]","bug: ('1', '0')",0.635775862,0.548837209,0.045043103
"[""cam: ('(0.145, 0.265)', '(0.595, 0.785)')"", ""dam: ('(0.975, 1.005)', '(-0.005, 0.195)')""]","bug: ('1', '0')",0.635775862,0.71028768,0.058452481
"[""cam: ('(0.145, 0.265)', '(0.595, 0.785)')""]","bug: ('1', '0')",0.635775862,0.64612015,0.062024594
"[""cam: ('(0.145, 0.265)', '(0.595, 0.785)')""]","bug: ('1', '0')",0.635775862,0.643508143,0.063515117
"[""dam: ('(0.285, 0.905)', '(-0.005, 0.195)')""]","bug: ('1', '0')",0.635775862,0.548837209,0.045043103
"[""max_cc: ('(0.035, 0.085)', '(0.005, 0.015)')""]","bug: ('1', '0')",0.625,0.457853893,0.040045433
"[""ce: ('(0.065, 0.14500000000000002)', '(0.005, 0.07500000000000001)')""]","bug: ('1', '0')",0.625,0.46627451,0.030410117
"[""rfc: ('(0.105, 0.23500000000000001)', '(-0.005, 0.025)')""]","bug: ('1', '0')",0.625,0.738522238,0.052670311
"[""rfc: ('(0.105, 0.23500000000000001)', '(-0.005, 0.025)')""]","bug: ('1', '0')",0.625,0.738522238,0.052670311
"[""lcom3: ('(0.305, 0.415)', '(0.815, 1.005)')""]","bug: ('1', '0')",0.625,0.460892857,0.040370998
"[""lcom3: ('(0.305, 0.415)', '(-0.005, 0.315)')""]","bug: ('1', '0')",0.625,0.400618557,0.029172592
"[""max_cc: ('(0.075, 0.34500000000000003)', '(0.005, 0.015)')""]","bug: ('1', '0')",0.625,0.625709743,0.074644688
"[""ce: ('(0.065, 0.14500000000000002)', '(0.005, 0.07500000000000001)')""]","bug: ('1', '0')",0.625,0.465555781,0.030123801
"[""ca: ('(0.055, 0.465)', '(0.005, 0.025)')""]","bug: ('1', '0')",0.625,0.416666667,0.02734375
"[""max_cc: ('(0.075, 0.34500000000000003)', '(0.005, 0.015)')""]","bug: ('1', '0')",0.625,0.625709743,0.074644688
"[""max_cc: ('(0.035, 0.085)', '(0.005, 0.015)')""]","bug: ('1', '0')",0.625,0.454901961,0.039741379
"[""rfc: ('(0.105, 0.23500000000000001)', '(-0.005, 0.025)')""]","bug: ('1', '0')",0.625,0.738522238,0.052670311
"[""ce: ('(0.065, 0.14500000000000002)', '(0.005, 0.07500000000000001)')""]","bug: ('1', '0')",0.625,0.465555781,0.030123801
"[""rfc: ('(0.105, 0.23500000000000001)', '(-0.005, 0.025)')""]","bug: ('1', '0')",0.625,0.738522238,0.052670311
"[""max_cc: ('(0.035, 0.085)', '(0.005, 0.015)')""]","bug: ('1', '0')",0.625,0.457853893,0.040045433
"[""max_cc: ('(0.075, 0.34500000000000003)', '(0.005, 0.015)')""]","bug: ('1', '0')",0.625,0.619944904,0.074971264
"[""avg_cc: ('(0.095, 1.005)', '(0.035, 0.055)')""]","bug: ('1', '0')",0.625,0.600900901,0.124563141
"[""ce: ('(0.065, 0.14500000000000002)', '(0.005, 0.07500000000000001)')""]","bug: ('1', '0')",0.625,0.465555781,0.030123801
"[""avg_cc: ('(0.095, 1.005)', '(0.035, 0.055)')""]","bug: ('1', '0')",0.614224138,0.594356982,0.117397851
"[""avg_cc: ('(0.095, 1.005)', '(0.035, 0.055)')"", ""moa: ('(0.145, 0.265)', '(-0.005, 0.034999999999999996)')""]","bug: ('1', '0')",0.614224138,0.735690236,0.050886015
"[""ce: ('(0.065, 0.14500000000000002)', '(0.005, 0.07500000000000001)')""]","bug: ('1', '0')",0.614224138,0.481168831,0.030564263
"[""rfc: ('(0.035, 0.115)', '(-0.005, 0.025)')"", ""ce: ('(0.065, 0.14500000000000002)', '(0.005, 0.07500000000000001)')"", ""dam: ('(0.975, 1.005)', '(-0.005, 0.195)')""]","bug: ('1', '0')",0.614224138,0.518181818,0.054101166
"[""avg_cc: ('(0.095, 1.005)', '(0.035, 0.055)')""]","bug: ('1', '0')",0.614224138,0.593424658,0.116556448
"[""ce: ('(0.065, 0.14500000000000002)', '(0.005, 0.07500000000000001)')""]","bug: ('1', '0')",0.614224138,0.481168831,0.030564263
"[""avg_cc: ('(0.095, 1.005)', '(0.035, 0.055)')""]","bug: ('1', '0')",0.614224138,0.593424658,0.116556448
"[""ce: ('(0.065, 0.14500000000000002)', '(0.005, 0.07500000000000001)')""]","bug: ('1', '0')",0.614224138,0.481168831,0.030564263
"[""rfc: ('(0.105, 0.23500000000000001)', '(-0.005, 0.025)')""]","bug: ('1', '0')",0.614224138,0.736621769,0.051737279
"[""cbo: ('(0.11499999999999999, 0.425)', '(-0.005, 0.025)')""]","bug: ('1', '0')",0.614224138,0.581632653,0.045588494
"[""rfc: ('(0.105, 0.23500000000000001)', '(-0.005, 0.025)')""]","bug: ('1', '0')",0.614224138,0.736621769,0.051737279
"[""ce: ('(0.065, 0.14500000000000002)', '(0.005, 0.07500000000000001)')""]","bug: ('1', '0')",0.614224138,0.481168831,0.030564263
"[""cbo: ('(0.11499999999999999, 0.425)', '(-0.005, 0.025)')""]","bug: ('1', '0')",0.614224138,0.581632653,0.045588494
"[""ce: ('(0.065, 0.14500000000000002)', '(0.005, 0.07500000000000001)')""]","bug: ('1', '0')",0.614224138,0.481168831,0.030564263
"[""ce: ('(0.065, 0.14500000000000002)', '(0.005, 0.07500000000000001)')""]","bug: ('1', '0')",0.614224138,0.481168831,0.030564263
"[""ce: ('(0.065, 0.14500000000000002)', '(0.005, 0.07500000000000001)')""]","bug: ('1', '0')",0.614224138,0.481168831,0.030564263
"[""rfc: ('(0.105, 0.23500000000000001)', '(-0.005, 0.025)')""]","bug: ('1', '0')",0.614224138,0.736621769,0.051737279
"[""rfc: ('(0.105, 0.23500000000000001)', '(-0.005, 0.025)')""]","bug: ('1', '0')",0.614224138,0.736621769,0.051737279
"[""ce: ('(0.065, 0.14500000000000002)', '(0.005, 0.07500000000000001)')""]","bug: ('1', '0')",0.614224138,0.481168831,0.030564263
"[""lcom3: ('(0.305, 0.415)', '(-0.005, 0.315)')""]","bug: ('1', '0')",0.603448276,0.394698085,0.027683967
"[""rfc: ('(0.035, 0.115)', '(-0.005, 0.025)')"", ""ce: ('(0.065, 0.14500000000000002)', '(0.005, 0.07500000000000001)')"", ""cbo: ('(0.015, 0.045)', '(-0.005, 0.025)')""]","bug: ('1', '0')",0.603448276,0.505387931,0.056573276
"[""avg_cc: ('(0.095, 1.005)', '(0.045000000000000005, 0.095)')""]","bug: ('1', '0')",0.603448276,0.40780365,0.069735222
"[""rfc: ('(0.105, 0.23500000000000001)', '(0.035, 0.115)')"", ""moa: ('(0.145, 0.265)', '(-0.005, 0.034999999999999996)')""]","bug: ('1', '0')",0.603448276,0.560307018,0.033952384
"[""lcom3: ('(0.305, 0.415)', '(0.815, 1.005)')""]","bug: ('1', '0')",0.603448276,0.454081633,0.038658405
"[""avg_cc: ('(0.095, 1.005)', '(0.045000000000000005, 0.095)')""]","bug: ('1', '0')",0.603448276,0.40780365,0.069735222
"[""ce: ('(0.065, 0.14500000000000002)', '(0.005, 0.07500000000000001)')"", ""lcom3: ('(0.305, 0.415)', '(0.815, 1.005)')""]","bug: ('1', '0')",0.603448276,0.451111111,0.039391762
"[""rfc: ('(0.035, 0.115)', '(-0.005, 0.025)')"", ""ce: ('(0.065, 0.14500000000000002)', '(0.005, 0.07500000000000001)')"", ""dam: ('(0.975, 1.005)', '(-0.005, 0.195)')""]","bug: ('1', '0')",0.603448276,0.550580431,0.067148096
"[""lcom3: ('(0.305, 0.415)', '(0.815, 1.005)')""]","bug: ('1', '0')",0.603448276,0.454081633,0.038658405
"[""lcom3: ('(0.305, 0.415)', '(-0.005, 0.315)')""]","bug: ('1', '0')",0.603448276,0.394698085,0.027683967
"[""ce: ('(0.065, 0.14500000000000002)', '(0.005, 0.07500000000000001)')"", ""lcom3: ('(0.305, 0.415)', '(-0.005, 0.315)')""]","bug: ('1', '0')",0.603448276,0.3696,0.023706897
"[""rfc: ('(0.105, 0.23500000000000001)', '(-0.005, 0.025)')""]","bug: ('1', '0')",0.603448276,0.701112878,0.04945247
"[""rfc: ('(0.035, 0.115)', '(-0.005, 0.025)')"", ""ce: ('(0.065, 0.14500000000000002)', '(0.005, 0.07500000000000001)')"", ""cbo: ('(0.015, 0.045)', '(-0.005, 0.025)')""]","bug: ('1', '0')",0.603448276,0.495283019,0.050377155
"[""ca: ('(0.055, 0.465)', '(0.005, 0.025)')""]","bug: ('1', '0')",0.603448276,0.415474298,0.026512504
"[""dam: ('(0.975, 1.005)', '(-0.005, 0.195)')"", ""cbo: ('(0.035, 0.07500000000000001)', '(-0.005, 0.025)')""]","bug: ('1', '0')",0.603448276,0.646153846,0.055354775
"[""lcom3: ('(0.305, 0.415)', '(-0.005, 0.315)')"", ""cam: ('(0.145, 0.265)', '(0.255, 0.535)')""]","bug: ('1', '0')",0.603448276,0.498550725,0.031921539
"[""avg_cc: ('(0.095, 1.005)', '(0.045000000000000005, 0.095)')""]","bug: ('1', '0')",0.603448276,0.409937888,0.071582512
"[""rfc: ('(0.035, 0.115)', '(-0.005, 0.025)')"", ""ce: ('(0.065, 0.14500000000000002)', '(0.005, 0.07500000000000001)')"", ""dam: ('(0.975, 1.005)', '(-0.005, 0.195)')""]","bug: ('1', '0')",0.603448276,0.52142955,0.053991894
"[""ca: ('(0.015, 0.025)', '(0.005, 0.025)')"", ""dam: ('(0.975, 1.005)', '(-0.005, 0.195)')""]","bug: ('1', '0')",0.603448276,0.567680382,0.048463749
"[""rfc: ('(0.105, 0.23500000000000001)', '(0.035, 0.115)')"", ""moa: ('(0.145, 0.265)', '(-0.005, 0.034999999999999996)')""]","bug: ('1', '0')",0.603448276,0.568790397,0.034482759
"[""ca: ('(0.055, 0.465)', '(0.005, 0.025)')""]","bug: ('1', '0')",0.603448276,0.415474298,0.026512504
"[""dam: ('(0.975, 1.005)', '(-0.005, 0.195)')"", ""cbo: ('(0.035, 0.07500000000000001)', '(0.015, 0.045)')""]","bug: ('1', '0')",0.603448276,0.6,0.049784483
"[""rfc: ('(0.035, 0.115)', '(-0.005, 0.025)')"", ""ce: ('(0.065, 0.14500000000000002)', '(0.005, 0.07500000000000001)')"", ""cbo: ('(0.015, 0.045)', '(-0.005, 0.025)')""]","bug: ('1', '0')",0.603448276,0.491666667,0.049434267
"[""dam: ('(0.285, 0.905)', '(-0.005, 0.195)')""]","bug: ('1', '0')",0.592672414,0.476270805,0.031987296
"[""cbo: ('(0.035, 0.07500000000000001)', '(-0.005, 0.025)')""]","bug: ('1', '0')",0.592672414,0.554029304,0.041256158
"[""cbo: ('(0.015, 0.045)', '(-0.005, 0.025)')""]","bug: ('1', '0')",0.592672414,0.491071429,0.038947044
"[""avg_cc: ('(0.095, 1.005)', '(0.035, 0.055)')""]","bug: ('1', '0')",0.592672414,0.597467785,0.11059677
"[""avg_cc: ('(0.095, 1.005)', '(0.035, 0.055)')""]","bug: ('1', '0')",0.592672414,0.598405246,0.11143152
"[""lcom3: ('(0.305, 0.415)', '(-0.005, 0.315)')""]","bug: ('1', '0')",0.592672414,0.419806763,0.036937261
"[""dam: ('(0.285, 0.905)', '(-0.005, 0.195)')""]","bug: ('1', '0')",0.592672414,0.476270805,0.031987296
"[""avg_cc: ('(0.095, 1.005)', '(0.035, 0.055)')""]","bug: ('1', '0')",0.592672414,0.598405246,0.11143152
"[""cbo: ('(0.035, 0.07500000000000001)', '(-0.005, 0.025)')""]","bug: ('1', '0')",0.592672414,0.554029304,0.041256158
"[""cbo: ('(0.015, 0.045)', '(-0.005, 0.025)')""]","bug: ('1', '0')",0.592672414,0.459726444,0.037561576
"[""cbo: ('(0.11499999999999999, 0.425)', '(-0.005, 0.025)')""]","bug: ('1', '0')",0.592672414,0.591772152,0.047086425
"[""cam: ('(0.145, 0.265)', '(0.775, 1.005)')""]","bug: ('1', '0')",0.592672414,0.590031358,0.09597898
"[""dam: ('(0.285, 0.905)', '(-0.005, 0.195)')""]","bug: ('1', '0')",0.592672414,0.476270805,0.031987296
"[""lcom3: ('(0.305, 0.415)', '(-0.005, 0.315)')""]","bug: ('1', '0')",0.592672414,0.417457306,0.029792089
"[""dam: ('(0.285, 0.905)', '(-0.005, 0.195)')""]","bug: ('1', '0')",0.592672414,0.476270805,0.031987296
"[""dam: ('(0.285, 0.905)', '(-0.005, 0.195)')""]","bug: ('1', '0')",0.592672414,0.476270805,0.031987296
"[""avg_cc: ('(0.095, 1.005)', '(0.035, 0.055)')""]","bug: ('1', '0')",0.592672414,0.598405246,0.11143152
"[""cbo: ('(0.035, 0.07500000000000001)', '(-0.005, 0.025)')""]","bug: ('1', '0')",0.592672414,0.554029304,0.041256158
"[""cbo: ('(0.035, 0.07500000000000001)', '(-0.005, 0.025)')""]","bug: ('1', '0')",0.592672414,0.554029304,0.041256158
"[""cbo: ('(0.035, 0.07500000000000001)', '(-0.005, 0.025)')""]","bug: ('1', '0')",0.592672414,0.554621849,0.045027709
"[""cbo: ('(0.015, 0.045)', '(-0.005, 0.025)')""]","bug: ('1', '0')",0.592672414,0.491071429,0.038947044
"[""cbo: ('(0.035, 0.07500000000000001)', '(-0.005, 0.025)')""]","bug: ('1', '0')",0.592672414,0.554029304,0.041256158
"[""lcom3: ('(0.305, 0.415)', '(-0.005, 0.315)')""]","bug: ('1', '0')",0.592672414,0.427236971,0.037775383
"[""cbo: ('(0.015, 0.045)', '(-0.005, 0.025)')""]","bug: ('1', '0')",0.592672414,0.491071429,0.038947044
"[""avg_cc: ('(0.095, 1.005)', '(0.035, 0.055)')""]","bug: ('1', '0')",0.592672414,0.597467785,0.11059677
"[""avg_cc: ('(0.095, 1.005)', '(0.035, 0.055)')""]","bug: ('1', '0')",0.592672414,0.597467785,0.11059677
"[""avg_cc: ('(0.095, 1.005)', '(0.035, 0.055)')""]","bug: ('1', '0')",0.592672414,0.597467785,0.11059677
"[""cbo: ('(0.015, 0.045)', '(-0.005, 0.025)')""]","bug: ('1', '0')",0.592672414,0.474882261,0.03825431
"[""dam: ('(0.285, 0.905)', '(-0.005, 0.195)')""]","bug: ('1', '0')",0.592672414,0.476270805,0.031987296
"[""cbo: ('(0.035, 0.07500000000000001)', '(-0.005, 0.025)')""]","bug: ('1', '0')",0.592672414,0.554029304,0.041256158
"[""cbo: ('(0.015, 0.045)', '(-0.005, 0.025)')""]","bug: ('1', '0')",0.592672414,0.491071429,0.038947044
"[""cbo: ('(0.11499999999999999, 0.425)', '(-0.005, 0.025)')""]","bug: ('1', '0')",0.592672414,0.596745027,0.050087298
"[""cam: ('(0.145, 0.265)', '(0.255, 0.535)')"", ""moa: ('(0.145, 0.265)', '(-0.005, 0.034999999999999996)')""]","bug: ('1', '0')",0.592672414,0.581694915,0.035362069
"[""lcom3: ('(0.305, 0.415)', '(0.815, 1.005)')""]","bug: ('1', '0')",0.592672414,0.464274947,0.037725588
"[""dam: ('(0.285, 0.905)', '(-0.005, 0.195)')""]","bug: ('1', '0')",0.592672414,0.498262596,0.03506381
"[""cbo: ('(0.035, 0.07500000000000001)', '(-0.005, 0.025)')""]","bug: ('1', '0')",0.592672414,0.554029304,0.041256158
"[""cbo: ('(0.035, 0.07500000000000001)', '(-0.005, 0.025)')""]","bug: ('1', '0')",0.592672414,0.554029304,0.041256158
"[""rfc: ('(0.105, 0.23500000000000001)', '(-0.005, 0.025)')""]","bug: ('1', '0')",0.592672414,0.698870512,0.048535065
"[""cbo: ('(0.035, 0.07500000000000001)', '(-0.005, 0.025)')""]","bug: ('1', '0')",0.592672414,0.554621849,0.045027709
"[""avg_cc: ('(0.095, 1.005)', '(0.035, 0.055)')""]","bug: ('1', '0')",0.592672414,0.598405246,0.11143152
"[""dam: ('(0.285, 0.905)', '(-0.005, 0.195)')""]","bug: ('1', '0')",0.592672414,0.476270805,0.031987296
"[""cbo: ('(0.035, 0.07500000000000001)', '(-0.005, 0.025)')""]","bug: ('1', '0')",0.592672414,0.554621849,0.045027709
"[""cbo: ('(0.065, 0.125)', '(-0.005, 0.025)')""]","bug: ('1', '0')",0.592672414,0.490657022,0.045367743
"[""cam: ('(0.024999999999999998, 0.155)', '(0.775, 1.005)')""]","bug: ('1', '0')",0.592672414,0.67654459,0.06878838
"[""cam: ('(0.145, 0.265)', '(0.255, 0.535)')"", ""moa: ('(0.145, 0.265)', '(-0.005, 0.034999999999999996)')""]","bug: ('1', '0')",0.592672414,0.580716866,0.035295365
"[""rfc: ('(0.105, 0.23500000000000001)', '(-0.005, 0.025)')""]","bug: ('1', '0')",0.592672414,0.698870512,0.048535065
"[""lcom3: ('(0.305, 0.415)', '(-0.005, 0.315)')""]","bug: ('1', '0')",0.592672414,0.425595238,0.037116858
"[""cbo: ('(0.015, 0.045)', '(-0.005, 0.025)')""]","bug: ('1', '0')",0.592672414,0.474882261,0.03825431
"[""dam: ('(0.285, 0.905)', '(-0.005, 0.195)')""]","bug: ('1', '0')",0.592672414,0.476270805,0.031987296
"[""cbo: ('(0.015, 0.045)', '(-0.005, 0.025)')""]","bug: ('1', '0')",0.592672414,0.474882261,0.03825431
"[""cbo: ('(0.015, 0.045)', '(-0.005, 0.025)')""]","bug: ('1', '0')",0.592672414,0.388677487,0.044699367
"[""cam: ('(0.145, 0.265)', '(0.595, 0.785)')"", ""moa: ('(0.145, 0.265)', '(-0.005, 0.034999999999999996)')""]","bug: ('1', '0')",0.592672414,0.853793759,0.053919594
"[""cam: ('(0.145, 0.265)', '(0.255, 0.535)')"", ""moa: ('(0.145, 0.265)', '(-0.005, 0.034999999999999996)')""]","bug: ('1', '0')",0.592672414,0.58994514,0.035924746
"[""cbo: ('(0.035, 0.07500000000000001)', '(-0.005, 0.025)')""]","bug: ('1', '0')",0.592672414,0.558730159,0.048183498
"[""cbo: ('(0.015, 0.045)', '(0.035, 0.07500000000000001)')""]","bug: ('1', '0')",0.592672414,0.333181887,0.023683723
"[""cbo: ('(0.065, 0.125)', '(-0.005, 0.025)')""]","bug: ('1', '0')",0.592672414,0.48347398,0.045463226
"[""cam: ('(0.145, 0.265)', '(0.255, 0.535)')"", ""moa: ('(0.145, 0.265)', '(0.024999999999999998, 0.095)')""]","bug: ('1', '0')",0.592672414,0.600038964,0.036613159
"[""cbo: ('(0.015, 0.045)', '(-0.005, 0.025)')""]","bug: ('1', '0')",0.592672414,0.491071429,0.038947044
"[""cbo: ('(0.015, 0.045)', '(-0.005, 0.025)')""]","bug: ('1', '0')",0.592672414,0.391076731,0.045026735
"[""lcom3: ('(0.305, 0.415)', '(-0.005, 0.315)')""]","bug: ('1', '0')",0.592672414,0.425595238,0.037116858
"[""cbo: ('(0.015, 0.045)', '(-0.005, 0.025)')""]","bug: ('1', '0')",0.592672414,0.491071429,0.038947044
"[""cbo: ('(0.035, 0.07500000000000001)', '(-0.005, 0.025)')""]","bug: ('1', '0')",0.592672414,0.40256609,0.043471737
"[""cbo: ('(0.015, 0.045)', '(-0.005, 0.025)')""]","bug: ('1', '0')",0.592672414,0.491071429,0.038947044
"[""cbo: ('(0.035, 0.07500000000000001)', '(-0.005, 0.025)')""]","bug: ('1', '0')",0.592672414,0.399846049,0.043144369
"[""cbo: ('(0.015, 0.045)', '(-0.005, 0.025)')""]","bug: ('1', '0')",0.592672414,0.491071429,0.038947044
"[""lcom3: ('(0.305, 0.415)', '(0.815, 1.005)')"", ""cam: ('(0.145, 0.265)', '(0.595, 0.785)')""]","bug: ('1', '0')",0.581896552,0.73220339,0.053952367
"[""cbo: ('(0.035, 0.07500000000000001)', '(-0.005, 0.025)')""]","bug: ('1', '0')",0.581896552,0.614906832,0.04286919
"[""lcom3: ('(0.305, 0.415)', '(-0.005, 0.315)')""]","bug: ('1', '0')",0.581896552,0.430725524,0.03536442
"[""cbo: ('(0.035, 0.07500000000000001)', '(-0.005, 0.025)')""]","bug: ('1', '0')",0.581896552,0.609824958,0.046617316
"[""lcom3: ('(0.305, 0.415)', '(-0.005, 0.315)')""]","bug: ('1', '0')",0.581896552,0.430725524,0.03536442
"[""lcom3: ('(0.305, 0.415)', '(-0.005, 0.315)')""]","bug: ('1', '0')",0.581896552,0.432467532,0.036025666
"[""lcom3: ('(0.305, 0.415)', '(0.815, 1.005)')""]","bug: ('1', '0')",0.581896552,0.508204633,0.051432898
"[""cbo: ('(0.035, 0.07500000000000001)', '(-0.005, 0.025)')""]","bug: ('1', '0')",0.581896552,0.609824958,0.046617316
"[""cbo: ('(0.035, 0.07500000000000001)', '(-0.005, 0.025)')""]","bug: ('1', '0')",0.581896552,0.610816543,0.049756372
"[""cbo: ('(0.035, 0.07500000000000001)', '(-0.005, 0.025)')""]","bug: ('1', '0')",0.581896552,0.609824958,0.046617316
"[""lcom3: ('(0.305, 0.415)', '(0.815, 1.005)')""]","bug: ('1', '0')",0.581896552,0.508204633,0.051432898
"[""dam: ('(0.975, 1.005)', '(-0.005, 0.195)')"", ""moa: ('(0.024999999999999998, 0.095)', '(-0.005, 0.034999999999999996)')""]","bug: ('1', '0')",0.581896552,0.489583333,0.044779693
"[""cbo: ('(0.035, 0.07500000000000001)', '(-0.005, 0.025)')""]","bug: ('1', '0')",0.581896552,0.614906832,0.04286919
"[""lcom3: ('(0.305, 0.415)', '(0.815, 1.005)')""]","bug: ('1', '0')",0.581896552,0.510165032,0.052219245
"[""lcom3: ('(0.305, 0.415)', '(0.815, 1.005)')""]","bug: ('1', '0')",0.581896552,0.501292597,0.051636766
"[""lcom3: ('(0.305, 0.415)', '(-0.005, 0.315)')""]","bug: ('1', '0')",0.581896552,0.432467532,0.036025666
"[""ce: ('(0.235, 0.395)', '(0.005, 0.07500000000000001)')"", ""cam: ('(0.145, 0.265)', '(0.255, 0.535)')""]","bug: ('1', '0')",0.581896552,0.597187162,0.036095317
"[""cbo: ('(0.035, 0.07500000000000001)', '(-0.005, 0.025)')""]","bug: ('1', '0')",0.581896552,0.614906832,0.04286919
"[""lcom3: ('(0.305, 0.415)', '(-0.005, 0.315)')""]","bug: ('1', '0')",0.581896552,0.430725524,0.03536442
"[""ce: ('(0.235, 0.395)', '(0.065, 0.14500000000000002)')"", ""cam: ('(0.145, 0.265)', '(0.255, 0.535)')""]","bug: ('1', '0')",0.581896552,0.504323763,0.029644616
"[""cbo: ('(0.035, 0.07500000000000001)', '(-0.005, 0.025)')""]","bug: ('1', '0')",0.581896552,0.614906832,0.04286919
"[""lcom3: ('(0.305, 0.415)', '(-0.005, 0.315)')""]","bug: ('1', '0')",0.581896552,0.432467532,0.036025666
"[""cbo: ('(0.015, 0.045)', '(0.035, 0.07500000000000001)')""]","bug: ('1', '0')",0.581896552,0.333024977,0.023449213
"[""cbo: ('(0.035, 0.07500000000000001)', '(-0.005, 0.025)')""]","bug: ('1', '0')",0.581896552,0.614906832,0.04286919
"[""max_cc: ('(0.035, 0.085)', '(0.005, 0.045)')""]","bug: ('1', '0')",0.581896552,0.337922403,0.01648073
"[""moa: ('(0.145, 0.265)', '(-0.005, 0.034999999999999996)')""]","bug: ('1', '0')",0.581896552,0.547807836,0.035063645
"[""lcom3: ('(0.305, 0.415)', '(0.815, 1.005)')"", ""dam: ('(0.975, 1.005)', '(-0.005, 0.195)')""]","bug: ('1', '0')",0.581896552,0.465271672,0.038935594
"[""cbo: ('(0.035, 0.07500000000000001)', '(-0.005, 0.025)')""]","bug: ('1', '0')",0.581896552,0.614906832,0.04286919
"[""lcom3: ('(0.305, 0.415)', '(-0.005, 0.315)')"", ""cam: ('(0.145, 0.265)', '(0.255, 0.535)')""]","bug: ('1', '0')",0.581896552,0.503731343,0.031115302
"[""lcom3: ('(0.305, 0.415)', '(-0.005, 0.315)')"", ""cam: ('(0.145, 0.265)', '(0.255, 0.535)')""]","bug: ('1', '0')",0.581896552,0.503731343,0.031115302
"[""cbo: ('(0.035, 0.07500000000000001)', '(-0.005, 0.025)')""]","bug: ('1', '0')",0.581896552,0.614906832,0.04286919
"[""rfc: ('(0.225, 0.995)', '(-0.005, 0.025)')"", ""cam: ('(0.024999999999999998, 0.155)', '(0.595, 0.785)')""]","bug: ('1', '0')",0.581896552,0.911392405,0.055857158
"[""rfc: ('(0.225, 0.995)', '(0.035, 0.115)')"", ""cam: ('(0.024999999999999998, 0.155)', '(0.255, 0.535)')""]","bug: ('1', '0')",0.581896552,0.526829268,0.030924096
"[""cbo: ('(0.035, 0.07500000000000001)', '(-0.005, 0.025)')""]","bug: ('1', '0')",0.581896552,0.614906832,0.04286919
"[""lcom3: ('(0.305, 0.415)', '(-0.005, 0.315)')""]","bug: ('1', '0')",0.581896552,0.430725524,0.03536442
"[""max_cc: ('(0.035, 0.085)', '(-0.005, 0.015)')""]","bug: ('1', '0')",0.581896552,0.463727249,0.038663274
"[""ce: ('(0.235, 0.395)', '(0.005, 0.07500000000000001)')""]","bug: ('1', '0')",0.581896552,0.554227941,0.034525017
"[""lcom3: ('(0.305, 0.415)', '(-0.005, 0.315)')""]","bug: ('1', '0')",0.581896552,0.432467532,0.036025666
"[""moa: ('(0.145, 0.265)', '(-0.005, 0.034999999999999996)')""]","bug: ('1', '0')",0.581896552,0.495729013,0.031231485
"[""max_cc: ('(0.035, 0.085)', '(-0.005, 0.015)')""]","bug: ('1', '0')",0.57112069,0.460033683,0.037793415
"[""max_cc: ('(0.075, 0.34500000000000003)', '(-0.005, 0.015)')"", ""rfc: ('(0.225, 0.995)', '(-0.005, 0.025)')""]","bug: ('1', '0')",0.57112069,0.86962306,0.051329899
"[""cbo: ('(0.015, 0.045)', '(-0.005, 0.025)')""]","bug: ('1', '0')",0.57112069,0.403502094,0.042783085
"[""lcom3: ('(0.305, 0.415)', '(0.815, 1.005)')""]","bug: ('1', '0')",0.57112069,0.457225018,0.036033677
"[""lcom3: ('(0.305, 0.415)', '(-0.005, 0.315)')""]","bug: ('1', '0')",0.57112069,0.411118293,0.028270791
"[""cbo: ('(0.015, 0.045)', '(-0.005, 0.025)')""]","bug: ('1', '0')",0.57112069,0.406363811,0.043088886
"[""lcom3: ('(0.305, 0.415)', '(0.815, 1.005)')""]","bug: ('1', '0')",0.57112069,0.457225018,0.036033677
"[""max_cc: ('(0.075, 0.34500000000000003)', '(0.005, 0.045)')"", ""ce: ('(0.235, 0.395)', '(0.005, 0.07500000000000001)')""]","bug: ('1', '0')",0.57112069,0.575193798,0.044419106
"[""lcom3: ('(0.305, 0.415)', '(-0.005, 0.315)')""]","bug: ('1', '0')",0.57112069,0.411118293,0.028270791
"[""max_cc: ('(0.035, 0.085)', '(0.005, 0.045)')""]","bug: ('1', '0')",0.57112069,0.335230867,0.015846856
"[""max_cc: ('(0.035, 0.085)', '(0.005, 0.045)')""]","bug: ('1', '0')",0.57112069,0.335230867,0.015846856
"[""ca: ('(0.055, 0.465)', '(0.005, 0.025)')"", ""ce: ('(0.235, 0.395)', '(0.005, 0.07500000000000001)')""]","bug: ('1', '0')",0.57112069,0.653942549,0.038887836
"[""max_cc: ('(0.035, 0.085)', '(-0.005, 0.015)')""]","bug: ('1', '0')",0.57112069,0.460033683,0.037793415
"[""max_cc: ('(0.035, 0.085)', '(0.005, 0.015)')""]","bug: ('1', '0')",0.560344828,0.49390681,0.04375
"[""rfc: ('(0.035, 0.115)', '(-0.005, 0.025)')""]","bug: ('1', '0')",0.560344828,0.494773519,0.042880046
"[""lcom3: ('(0.305, 0.415)', '(0.815, 1.005)')""]","bug: ('1', '0')",0.560344828,0.508994709,0.048311782
"[""lcom3: ('(0.305, 0.415)', '(0.815, 1.005)')""]","bug: ('1', '0')",0.560344828,0.508994709,0.048311782
"[""ce: ('(0.235, 0.395)', '(0.005, 0.07500000000000001)')""]","bug: ('1', '0')",0.560344828,0.550917141,0.033109364
"[""dam: ('(0.285, 0.905)', '(-0.005, 0.195)')""]","bug: ('1', '0')",0.560344828,0.50093658,0.033138443
"[""lcom3: ('(0.445, 0.495)', '(-0.005, 0.315)')"", ""cam: ('(0.024999999999999998, 0.155)', '(0.255, 0.535)')""]","bug: ('1', '0')",0.560344828,0.600107354,0.034107946
"[""dam: ('(0.285, 0.905)', '(-0.005, 0.195)')""]","bug: ('1', '0')",0.560344828,0.50093658,0.033138443
"[""max_cc: ('(0.075, 0.34500000000000003)', '(0.005, 0.015)')""]","bug: ('1', '0')",0.560344828,0.697740113,0.085416667
"[""max_cc: ('(0.075, 0.34500000000000003)', '(0.005, 0.015)')""]","bug: ('1', '0')",0.560344828,0.697740113,0.085416667
"[""max_cc: ('(0.075, 0.34500000000000003)', '(0.005, 0.015)')""]","bug: ('1', '0')",0.560344828,0.689071038,0.085447287
"[""lcom3: ('(0.305, 0.415)', '(0.815, 1.005)')""]","bug: ('1', '0')",0.560344828,0.506944444,0.047533525
"[""lcom3: ('(0.445, 0.495)', '(0.815, 1.005)')"", ""cam: ('(0.024999999999999998, 0.155)', '(0.595, 0.785)')""]","bug: ('1', '0')",0.560344828,0.881355932,0.051103156
"[""cam: ('(0.024999999999999998, 0.155)', '(0.595, 0.785)')"", ""dam: ('(0.285, 0.905)', '(-0.005, 0.195)')""]","bug: ('1', '0')",0.560344828,0.85665383,0.052289214
"[""cam: ('(0.024999999999999998, 0.155)', '(0.255, 0.535)')"", ""dam: ('(0.285, 0.905)', '(-0.005, 0.195)')""]","bug: ('1', '0')",0.560344828,0.81871345,0.049734748
"[""lcom3: ('(0.305, 0.415)', '(0.815, 1.005)')""]","bug: ('1', '0')",0.560344828,0.508994709,0.048311782
"[""dam: ('(0.285, 0.905)', '(-0.005, 0.195)')""]","bug: ('1', '0')",0.560344828,0.50093658,0.033138443
"[""lcom3: ('(0.305, 0.415)', '(0.815, 1.005)')""]","bug: ('1', '0')",0.560344828,0.506944444,0.047533525
"[""max_cc: ('(0.075, 0.34500000000000003)', '(0.005, 0.015)')"", ""avg_cc: ('(0.095, 1.005)', '(0.035, 0.055)')""]","bug: ('1', '0')",0.560344828,0.650427913,0.129727475
"[""rfc: ('(0.035, 0.115)', '(-0.005, 0.025)')""]","bug: ('1', '0')",0.560344828,0.494773519,0.042880046
"[""dam: ('(0.975, 1.005)', '(-0.005, 0.195)')"", ""moa: ('(0.145, 0.265)', '(-0.005, 0.034999999999999996)')""]","bug: ('1', '0')",0.560344828,0.696296296,0.046954821
"[""lcom3: ('(0.305, 0.415)', '(0.815, 1.005)')""]","bug: ('1', '0')",0.560344828,0.506944444,0.047533525
"[""max_cc: ('(0.035, 0.085)', '(0.005, 0.015)')""]","bug: ('1', '0')",0.560344828,0.489710499,0.043244771
"[""rfc: ('(0.035, 0.115)', '(-0.005, 0.025)')""]","bug: ('1', '0')",0.560344828,0.494773519,0.042880046
"[""max_cc: ('(0.035, 0.085)', '(0.005, 0.015)')"", ""avg_cc: ('(0.095, 1.005)', '(0.035, 0.055)')""]","bug: ('1', '0')",0.560344828,0.489865829,0.051480812
"[""moa: ('(0.255, 0.885)', '(-0.005, 0.034999999999999996)')""]","bug: ('1', '0')",0.560344828,0.635997791,0.037870867
"[""avg_cc: ('(0.095, 1.005)', '(0.035, 0.055)')""]","bug: ('1', '0')",0.560344828,0.630229103,0.128831418
"[""rfc: ('(0.035, 0.115)', '(-0.005, 0.025)')""]","bug: ('1', '0')",0.560344828,0.489395546,0.042735492
"[""lcom3: ('(0.305, 0.415)', '(0.815, 1.005)')""]","bug: ('1', '0')",0.560344828,0.508994709,0.048311782
"[""lcom3: ('(0.305, 0.415)', '(0.815, 1.005)')""]","bug: ('1', '0')",0.560344828,0.506944444,0.047533525
"[""max_cc: ('(0.035, 0.085)', '(0.005, 0.015)')""]","bug: ('1', '0')",0.560344828,0.49390681,0.04375
"[""ce: ('(0.235, 0.395)', '(0.005, 0.07500000000000001)')""]","bug: ('1', '0')",0.560344828,0.550917141,0.033109364
"[""cbo: ('(0.015, 0.045)', '(-0.005, 0.025)')""]","bug: ('1', '0')",0.549568966,0.469565217,0.035044978
"[""cam: ('(0.024999999999999998, 0.155)', '(0.255, 0.535)')""]","bug: ('1', '0')",0.549568966,0.460305765,0.025414084
"[""cbo: ('(0.015, 0.045)', '(-0.005, 0.025)')""]","bug: ('1', '0')",0.549568966,0.469565217,0.035044978
"[""moa: ('(0.145, 0.265)', '(-0.005, 0.034999999999999996)')""]","bug: ('1', '0')",0.549568966,0.541625977,0.032866379
"[""avg_cc: ('(0.095, 1.005)', '(0.035, 0.055)')""]","bug: ('1', '0')",0.549568966,0.622263079,0.120428949
"[""avg_cc: ('(0.095, 1.005)', '(0.035, 0.055)')"", ""cam: ('(0.024999999999999998, 0.155)', '(0.255, 0.535)')""]","bug: ('1', '0')",0.549568966,0.782778356,0.051724138
"[""cam: ('(0.024999999999999998, 0.155)', '(0.595, 0.785)')""]","bug: ('1', '0')",0.549568966,0.725409836,0.046256973
"[""avg_cc: ('(0.095, 1.005)', '(0.035, 0.055)')""]","bug: ('1', '0')",0.549568966,0.622263079,0.120428949
"[""dam: ('(0.975, 1.005)', '(-0.005, 0.195)')""]","bug: ('1', '0')",0.549568966,0.592105263,0.045322008
"[""dam: ('(0.975, 1.005)', '(-0.005, 0.195)')""]","bug: ('1', '0')",0.549568966,0.591520468,0.045250639
"[""cbo: ('(0.015, 0.045)', '(-0.005, 0.025)')""]","bug: ('1', '0')",0.549568966,0.486744433,0.035747751
"[""moa: ('(0.145, 0.265)', '(-0.005, 0.034999999999999996)')""]","bug: ('1', '0')",0.549568966,0.541625977,0.032866379
"[""cbo: ('(0.015, 0.045)', '(-0.005, 0.025)')""]","bug: ('1', '0')",0.549568966,0.486744433,0.035747751
"[""avg_cc: ('(0.095, 1.005)', '(0.035, 0.055)')"", ""cam: ('(0.145, 0.265)', '(0.255, 0.535)')""]","bug: ('1', '0')",0.549568966,0.705069124,0.082035595
"[""cbo: ('(0.015, 0.045)', '(-0.005, 0.025)')""]","bug: ('1', '0')",0.549568966,0.486744433,0.035747751
"[""cbo: ('(0.015, 0.045)', '(-0.005, 0.025)')""]","bug: ('1', '0')",0.549568966,0.486744433,0.035747751
"[""ce: ('(0.235, 0.395)', '(0.005, 0.07500000000000001)')"", ""cam: ('(0.145, 0.265)', '(0.255, 0.535)')""]","bug: ('1', '0')",0.549568966,0.641365372,0.040534955
"[""cbo: ('(0.015, 0.045)', '(-0.005, 0.025)')""]","bug: ('1', '0')",0.549568966,0.486744433,0.035747751
"[""cbo: ('(0.015, 0.045)', '(-0.005, 0.025)')""]","bug: ('1', '0')",0.549568966,0.486744433,0.035747751
"[""avg_cc: ('(0.045000000000000005, 0.095)', '(0.005, 0.034999999999999996)')""]","bug: ('1', '0')",0.549568966,0.552387268,0.101997679
"[""cbo: ('(0.015, 0.045)', '(-0.005, 0.025)')""]","bug: ('1', '0')",0.549568966,0.486744433,0.035747751
"[""cbo: ('(0.015, 0.045)', '(-0.005, 0.025)')""]","bug: ('1', '0')",0.549568966,0.486744433,0.035747751
"[""cbo: ('(0.015, 0.045)', '(-0.005, 0.025)')""]","bug: ('1', '0')",0.549568966,0.469565217,0.035044978
"[""avg_cc: ('(0.095, 1.005)', '(0.035, 0.055)')""]","bug: ('1', '0')",0.549568966,0.623295643,0.12131535
"[""cam: ('(0.024999999999999998, 0.155)', '(0.255, 0.535)')""]","bug: ('1', '0')",0.549568966,0.460305765,0.025414084
"[""cam: ('(0.024999999999999998, 0.155)', '(0.595, 0.785)')""]","bug: ('1', '0')",0.549568966,0.725409836,0.046256973
"[""lcom3: ('(0.305, 0.415)', '(0.815, 1.005)')"", ""dam: ('(0.975, 1.005)', '(-0.005, 0.195)')""]","bug: ('1', '0')",0.549568966,0.453909727,0.036317327
"[""rfc: ('(0.035, 0.115)', '(-0.005, 0.025)')""]","bug: ('1', '0')",0.549568966,0.507569386,0.042380677
"[""moa: ('(0.145, 0.265)', '(-0.005, 0.034999999999999996)')""]","bug: ('1', '0')",0.549568966,0.489152177,0.029154076
"[""ca: ('(0.015, 0.034999999999999996)', '(0.005, 0.025)')""]","bug: ('1', '0')",0.549568966,0.358118507,0.019863824
"[""ca: ('(0.015, 0.034999999999999996)', '(-0.005, 0.015)')""]","bug: ('1', '0')",0.549568966,0.453072742,0.036845159
"[""rfc: ('(0.035, 0.115)', '(-0.005, 0.025)')""]","bug: ('1', '0')",0.549568966,0.507569386,0.042380677
"[""cam: ('(0.024999999999999998, 0.155)', '(0.255, 0.535)')""]","bug: ('1', '0')",0.549568966,0.462247793,0.025566769
"[""rfc: ('(0.035, 0.115)', '(-0.005, 0.025)')""]","bug: ('1', '0')",0.549568966,0.507569386,0.042380677
"[""rfc: ('(0.035, 0.115)', '(-0.005, 0.025)')""]","bug: ('1', '0')",0.549568966,0.507569386,0.042380677
"[""cam: ('(0.024999999999999998, 0.155)', '(0.595, 0.785)')""]","bug: ('1', '0')",0.549568966,0.728571429,0.046505542
"[""rfc: ('(0.035, 0.115)', '(-0.005, 0.025)')""]","bug: ('1', '0')",0.549568966,0.507569386,0.042380677
"[""rfc: ('(0.035, 0.115)', '(-0.005, 0.025)')""]","bug: ('1', '0')",0.549568966,0.507569386,0.042380677
"[""lcom3: ('(0.445, 0.495)', '(-0.005, 0.315)')""]","bug: ('1', '0')",0.549568966,0.612180053,0.034817543
"[""avg_cc: ('(0.095, 1.005)', '(0.005, 0.034999999999999996)')""]","bug: ('1', '0')",0.549568966,0.664224664,0.268028846
"[""lcom3: ('(0.305, 0.415)', '(0.815, 1.005)')"", ""dam: ('(0.975, 1.005)', '(-0.005, 0.195)')""]","bug: ('1', '0')",0.549568966,0.453909727,0.036317327
"[""lcom3: ('(0.305, 0.415)', '(0.815, 1.005)')"", ""dam: ('(0.975, 1.005)', '(-0.005, 0.195)')""]","bug: ('1', '0')",0.549568966,0.478947368,0.036477238
"[""cam: ('(0.024999999999999998, 0.155)', '(0.595, 0.785)')""]","bug: ('1', '0')",0.549568966,0.71489665,0.04543041
"[""rfc: ('(0.035, 0.115)', '(-0.005, 0.025)')""]","bug: ('1', '0')",0.549568966,0.507569386,0.042380677
"[""rfc: ('(0.035, 0.115)', '(-0.005, 0.025)')""]","bug: ('1', '0')",0.549568966,0.507569386,0.042380677
"[""cam: ('(0.024999999999999998, 0.155)', '(0.595, 0.785)')""]","bug: ('1', '0')",0.549568966,0.718309859,0.045698762
"[""moa: ('(0.145, 0.265)', '(-0.005, 0.034999999999999996)')""]","bug: ('1', '0')",0.549568966,0.489152177,0.029154076
"[""lcom3: ('(0.445, 0.495)', '(0.815, 1.005)')""]","bug: ('1', '0')",0.549568966,0.751014275,0.043691223
"[""cam: ('(0.024999999999999998, 0.155)', '(0.255, 0.535)')""]","bug: ('1', '0')",0.549568966,0.462247793,0.025566769
"[""cbo: ('(0.015, 0.045)', '(-0.005, 0.025)')""]","bug: ('1', '0')",0.549568966,0.453557312,0.034342204
"[""cam: ('(0.024999999999999998, 0.155)', '(0.595, 0.785)')""]","bug: ('1', '0')",0.549568966,0.728571429,0.046505542
"[""cam: ('(0.024999999999999998, 0.155)', '(0.255, 0.535)')""]","bug: ('1', '0')",0.549568966,0.460036081,0.025392881
"[""rfc: ('(0.105, 0.23500000000000001)', '(0.015, 0.045)')"", ""cam: ('(0.145, 0.265)', '(0.255, 0.535)')""]","bug: ('1', '0')",0.538793103,0.634328358,0.064253088
"[""rfc: ('(0.035, 0.115)', '(-0.005, 0.025)')"", ""dam: ('(0.975, 1.005)', '(-0.005, 0.195)')""]","bug: ('1', '0')",0.538793103,0.595238095,0.041307471
"[""cbo: ('(0.11499999999999999, 0.425)', '(-0.005, 0.025)')""]","bug: ('1', '0')",0.538793103,0.53816047,0.037022783
"[""cbo: ('(0.11499999999999999, 0.425)', '(-0.005, 0.025)')""]","bug: ('1', '0')",0.538793103,0.53816047,0.037022783
"[""cbo: ('(0.11499999999999999, 0.425)', '(-0.005, 0.025)')""]","bug: ('1', '0')",0.538793103,0.523809524,0.036560961
"[""rfc: ('(0.035, 0.115)', '(-0.005, 0.025)')"", ""dam: ('(0.975, 1.005)', '(-0.005, 0.195)')""]","bug: ('1', '0')",0.538793103,0.58685446,0.041127874
"[""cbo: ('(0.11499999999999999, 0.425)', '(-0.005, 0.025)')""]","bug: ('1', '0')",0.538793103,0.53816047,0.037022783
"[""cbo: ('(0.11499999999999999, 0.425)', '(-0.005, 0.025)')""]","bug: ('1', '0')",0.538793103,0.53816047,0.037022783
"[""cbo: ('(0.11499999999999999, 0.425)', '(-0.005, 0.025)')""]","bug: ('1', '0')",0.538793103,0.53816047,0.037022783
"[""rfc: ('(0.225, 0.995)', '(0.015, 0.045)')"", ""cam: ('(0.024999999999999998, 0.155)', '(0.255, 0.535)')""]","bug: ('1', '0')",0.538793103,0.706991359,0.042604864
"[""rfc: ('(0.105, 0.23500000000000001)', '(-0.005, 0.025)')""]","bug: ('1', '0')",0.538793103,0.721484196,0.044428588
"[""rfc: ('(0.105, 0.23500000000000001)', '(-0.005, 0.025)')""]","bug: ('1', '0')",0.538793103,0.721484196,0.044428588
"[""cbo: ('(0.11499999999999999, 0.425)', '(-0.005, 0.025)')""]","bug: ('1', '0')",0.538793103,0.53816047,0.037022783
"[""rfc: ('(0.105, 0.23500000000000001)', '(-0.005, 0.025)')""]","bug: ('1', '0')",0.538793103,0.721484196,0.044428588
"[""ca: ('(0.024999999999999998, 0.065)', '(0.005, 0.025)')""]","bug: ('1', '0')",0.538793103,0.362431397,0.019250932
"[""cbo: ('(0.11499999999999999, 0.425)', '(-0.005, 0.025)')""]","bug: ('1', '0')",0.538793103,0.53816047,0.037022783
"[""cbo: ('(0.11499999999999999, 0.425)', '(-0.005, 0.025)')""]","bug: ('1', '0')",0.538793103,0.53816047,0.037022783
"[""rfc: ('(0.105, 0.23500000000000001)', '(-0.005, 0.025)')""]","bug: ('1', '0')",0.538793103,0.721484196,0.044428588
"[""dam: ('(0.975, 1.005)', '(-0.005, 0.195)')"", ""cbo: ('(0.065, 0.125)', '(0.035, 0.07500000000000001)')""]","bug: ('1', '0')",0.538793103,0.680443548,0.044980534
"[""dam: ('(0.975, 1.005)', '(-0.005, 0.195)')"", ""cbo: ('(0.065, 0.125)', '(-0.005, 0.025)')""]","bug: ('1', '0')",0.538793103,0.673076923,0.044330239
"[""ca: ('(0.024999999999999998, 0.065)', '(0.005, 0.025)')""]","bug: ('1', '0')",0.538793103,0.362431397,0.019250932
"[""rfc: ('(0.035, 0.115)', '(-0.005, 0.025)')"", ""dam: ('(0.975, 1.005)', '(-0.005, 0.195)')""]","bug: ('1', '0')",0.538793103,0.595238095,0.041307471
"[""rfc: ('(0.035, 0.115)', '(-0.005, 0.025)')"", ""dam: ('(0.975, 1.005)', '(-0.005, 0.195)')""]","bug: ('1', '0')",0.538793103,0.595238095,0.041307471
"[""avg_cc: ('(0.095, 1.005)', '(0.035, 0.055)')"", ""dam: ('(0.975, 1.005)', '(-0.005, 0.195)')""]","bug: ('1', '0')",0.538793103,0.663636364,0.068867555
"[""ce: ('(0.065, 0.14500000000000002)', '(0.005, 0.07500000000000001)')"", ""lcom3: ('(0.305, 0.415)', '(0.815, 1.005)')""]","bug: ('1', '0')",0.538793103,0.465983225,0.036142824
"[""cbo: ('(0.11499999999999999, 0.425)', '(-0.005, 0.025)')""]","bug: ('1', '0')",0.538793103,0.53816047,0.037022783
"[""ca: ('(0.024999999999999998, 0.065)', '(0.005, 0.025)')""]","bug: ('1', '0')",0.538793103,0.359195402,0.01872306
"[""dam: ('(0.975, 1.005)', '(-0.005, 0.195)')"", ""cbo: ('(0.065, 0.125)', '(0.015, 0.045)')""]","bug: ('1', '0')",0.538793103,0.625,0.040086207
"[""avg_cc: ('(0.095, 1.005)', '(0.035, 0.055)')"", ""dam: ('(0.285, 0.905)', '(-0.005, 0.195)')""]","bug: ('1', '0')",0.538793103,0.710227273,0.047609718
"[""cam: ('(0.145, 0.265)', '(0.775, 1.005)')"", ""moa: ('(0.145, 0.265)', '(-0.005, 0.034999999999999996)')""]","bug: ('1', '0')",0.538793103,0.751776927,0.046961902
"[""cbo: ('(0.11499999999999999, 0.425)', '(-0.005, 0.025)')""]","bug: ('1', '0')",0.538793103,0.53816047,0.037022783
"[""ce: ('(0.065, 0.14500000000000002)', '(0.005, 0.07500000000000001)')"", ""lcom3: ('(0.305, 0.415)', '(-0.005, 0.315)')""]","bug: ('1', '0')",0.538793103,0.363808921,0.019475641
"[""max_cc: ('(0.005, 0.045)', '(-0.005, 0.015)')"", ""rfc: ('(0.035, 0.115)', '(-0.005, 0.025)')"", ""dam: ('(0.975, 1.005)', '(-0.005, 0.195)')""]","bug: ('1', '0')",0.538793103,0.553150553,0.044810793
"[""cbo: ('(0.11499999999999999, 0.425)', '(-0.005, 0.025)')""]","bug: ('1', '0')",0.538793103,0.53816047,0.037022783
"[""avg_cc: ('(0.095, 1.005)', '(0.035, 0.055)')"", ""dam: ('(0.975, 1.005)', '(-0.005, 0.195)')""]","bug: ('1', '0')",0.538793103,0.666066607,0.069847179
"[""avg_cc: ('(0.095, 1.005)', '(0.035, 0.055)')"", ""dam: ('(0.975, 1.005)', '(-0.005, 0.195)')""]","bug: ('1', '0')",0.538793103,0.663636364,0.068867555
"[""dam: ('(0.975, 1.005)', '(-0.005, 0.195)')""]","bug: ('1', '0')",0.528017241,0.588480392,0.039367816
"[""ce: ('(0.065, 0.14500000000000002)', '(0.005, 0.07500000000000001)')"", ""lcom3: ('(0.305, 0.415)', '(-0.005, 0.315)')""]","bug: ('1', '0')",0.528017241,0.374089735,0.020974835
"[""rfc: ('(0.035, 0.115)', '(-0.005, 0.025)')"", ""dam: ('(0.975, 1.005)', '(-0.005, 0.195)')""]","bug: ('1', '0')",0.528017241,0.495632184,0.041551724
"[""moa: ('(0.255, 0.885)', '(-0.005, 0.034999999999999996)')""]","bug: ('1', '0')",0.528017241,0.545681818,0.029835668
"[""rfc: ('(0.105, 0.23500000000000001)', '(0.035, 0.115)')"", ""dam: ('(0.975, 1.005)', '(-0.005, 0.195)')""]","bug: ('1', '0')",0.528017241,0.689608637,0.064900938
"[""rfc: ('(0.035, 0.115)', '(-0.005, 0.025)')"", ""dam: ('(0.975, 1.005)', '(-0.005, 0.195)')""]","bug: ('1', '0')",0.528017241,0.609452736,0.040768678
"[""ce: ('(0.065, 0.14500000000000002)', '(0.005, 0.07500000000000001)')"", ""lcom3: ('(0.305, 0.415)', '(0.815, 1.005)')""]","bug: ('1', '0')",0.528017241,0.457418932,0.03452829
"[""rfc: ('(0.035, 0.115)', '(-0.005, 0.025)')"", ""dam: ('(0.975, 1.005)', '(-0.005, 0.195)')""]","bug: ('1', '0')",0.528017241,0.609452736,0.040768678
"[""max_cc: ('(0.075, 0.34500000000000003)', '(0.005, 0.015)')"", ""rfc: ('(0.105, 0.23500000000000001)', '(-0.005, 0.025)')""]","bug: ('1', '0')",0.528017241,0.874313725,0.093834517
"[""rfc: ('(0.035, 0.115)', '(-0.005, 0.025)')"", ""dam: ('(0.975, 1.005)', '(-0.005, 0.195)')""]","bug: ('1', '0')",0.528017241,0.505154639,0.041470405
"[""rfc: ('(0.035, 0.115)', '(-0.005, 0.025)')"", ""dam: ('(0.975, 1.005)', '(-0.005, 0.195)')""]","bug: ('1', '0')",0.528017241,0.609452736,0.040768678
"[""ce: ('(0.235, 0.395)', '(0.005, 0.07500000000000001)')"", ""cam: ('(0.145, 0.265)', '(0.255, 0.535)')""]","bug: ('1', '0')",0.528017241,0.631654333,0.038489558
"[""moa: ('(0.255, 0.885)', '(-0.005, 0.034999999999999996)')""]","bug: ('1', '0')",0.528017241,0.549137931,0.030065584
"[""rfc: ('(0.035, 0.115)', '(-0.005, 0.025)')"", ""dam: ('(0.975, 1.005)', '(-0.005, 0.195)')""]","bug: ('1', '0')",0.528017241,0.609452736,0.040768678
"[""moa: ('(0.145, 0.265)', '(-0.005, 0.034999999999999996)')""]","bug: ('1', '0')",0.528017241,0.485677471,0.026404013
"[""dam: ('(0.975, 1.005)', '(-0.005, 0.195)')""]","bug: ('1', '0')",0.528017241,0.590646095,0.039588044
"[""lcom3: ('(0.305, 0.415)', '(-0.005, 0.315)')""]","bug: ('1', '0')",0.528017241,0.43229766,0.033841663
"[""rfc: ('(0.105, 0.23500000000000001)', '(-0.005, 0.025)')""]","bug: ('1', '0')",0.528017241,0.719245107,0.043511184
"[""moa: ('(0.145, 0.265)', '(-0.005, 0.034999999999999996)')""]","bug: ('1', '0')",0.528017241,0.48990002,0.026544328
"[""lcom3: ('(0.305, 0.415)', '(-0.005, 0.315)')""]","bug: ('1', '0')",0.528017241,0.434177215,0.034510039
"[""lcom3: ('(0.305, 0.415)', '(-0.005, 0.315)')""]","bug: ('1', '0')",0.528017241,0.425663936,0.033691619
"[""rfc: ('(0.035, 0.115)', '(-0.005, 0.025)')""]","bug: ('1', '0')",0.528017241,0.490779014,0.039186277
"[""rfc: ('(0.035, 0.115)', '(-0.005, 0.025)')""]","bug: ('1', '0')",0.528017241,0.490779014,0.039186277
"[""rfc: ('(0.035, 0.115)', '(-0.005, 0.025)')""]","bug: ('1', '0')",0.528017241,0.490779014,0.039186277
"[""rfc: ('(0.035, 0.115)', '(-0.005, 0.025)')""]","bug: ('1', '0')",0.528017241,0.485072282,0.039026095
"[""avg_cc: ('(0.095, 1.005)', '(0.035, 0.055)')""]","bug: ('1', '0')",0.528017241,0.627163904,0.11402658
"[""rfc: ('(0.105, 0.23500000000000001)', '(-0.005, 0.025)')""]","bug: ('1', '0')",0.528017241,0.719245107,0.043511184
"[""rfc: ('(0.035, 0.115)', '(-0.005, 0.025)')"", ""dam: ('(0.975, 1.005)', '(-0.005, 0.195)')""]","bug: ('1', '0')",0.528017241,0.609452736,0.040768678
"[""rfc: ('(0.035, 0.115)', '(-0.005, 0.025)')"", ""dam: ('(0.975, 1.005)', '(-0.005, 0.195)')""]","bug: ('1', '0')",0.528017241,0.609452736,0.040768678
"[""ce: ('(0.065, 0.14500000000000002)', '(0.005, 0.07500000000000001)')"", ""dam: ('(0.975, 1.005)', '(-0.005, 0.195)')""]","bug: ('1', '0')",0.528017241,0.514811032,0.036952731
"[""max_cc: ('(0.075, 0.34500000000000003)', '(-0.005, 0.015)')"", ""lcom3: ('(0.445, 0.495)', '(0.815, 1.005)')""]","bug: ('1', '0')",0.528017241,0.826132771,0.045893363
"[""rfc: ('(0.035, 0.115)', '(-0.005, 0.025)')"", ""dam: ('(0.975, 1.005)', '(-0.005, 0.195)')""]","bug: ('1', '0')",0.528017241,0.609452736,0.040768678
"[""rfc: ('(0.035, 0.115)', '(-0.005, 0.025)')"", ""dam: ('(0.975, 1.005)', '(-0.005, 0.195)')""]","bug: ('1', '0')",0.528017241,0.609452736,0.040768678
"[""cam: ('(0.024999999999999998, 0.155)', '(0.775, 1.005)')""]","bug: ('1', '0')",0.528017241,0.706331261,0.044756986
"[""lcom3: ('(0.445, 0.495)', '(0.815, 1.005)')""]","bug: ('1', '0')",0.528017241,0.748791517,0.041945711
"[""lcom3: ('(0.445, 0.495)', '(-0.005, 0.315)')""]","bug: ('1', '0')",0.528017241,0.610368199,0.03339471
"[""cam: ('(0.145, 0.265)', '(0.775, 1.005)')""]","bug: ('1', '0')",0.528017241,0.625798212,0.068148038
"[""max_cc: ('(0.075, 0.34500000000000003)', '(0.005, 0.015)')"", ""rfc: ('(0.225, 0.995)', '(-0.005, 0.025)')""]","bug: ('1', '0')",0.528017241,0.925846702,0.054787863
"[""ce: ('(0.065, 0.14500000000000002)', '(0.005, 0.07500000000000001)')"", ""dam: ('(0.975, 1.005)', '(-0.005, 0.195)')""]","bug: ('1', '0')",0.528017241,0.547166667,0.039668642
"[""cam: ('(0.024999999999999998, 0.155)', '(0.775, 1.005)')""]","bug: ('1', '0')",0.528017241,0.706331261,0.044756986
"[""lcom3: ('(0.445, 0.495)', '(0.815, 1.005)')""]","bug: ('1', '0')",0.528017241,0.748791517,0.041945711
"[""lcom3: ('(0.445, 0.495)', '(-0.005, 0.315)')""]","bug: ('1', '0')",0.528017241,0.610368199,0.03339471
"[""cam: ('(0.145, 0.265)', '(0.775, 1.005)')""]","bug: ('1', '0')",0.528017241,0.625798212,0.068148038
"[""ce: ('(0.235, 0.395)', '(0.005, 0.07500000000000001)')""]","bug: ('1', '0')",0.528017241,0.569655172,0.032444581
"[""cam: ('(0.145, 0.265)', '(0.775, 1.005)')""]","bug: ('1', '0')",0.528017241,0.631717925,0.070879162
"[""cam: ('(0.024999999999999998, 0.155)', '(0.775, 1.005)')""]","bug: ('1', '0')",0.528017241,0.706331261,0.044756986
"[""lcom3: ('(0.305, 0.415)', '(-0.005, 0.315)')""]","bug: ('1', '0')",0.528017241,0.43229766,0.033841663
"[""lcom3: ('(0.40499999999999997, 0.455)', '(0.815, 1.005)')"", ""dam: ('(0.975, 1.005)', '(-0.005, 0.195)')""]","bug: ('1', '0')",0.528017241,0.70273794,0.043020557
"[""avg_cc: ('(0.095, 1.005)', '(0.035, 0.055)')""]","bug: ('1', '0')",0.528017241,0.628205128,0.114906609
"[""avg_cc: ('(0.095, 1.005)', '(0.035, 0.055)')""]","bug: ('1', '0')",0.528017241,0.627163904,0.11402658
"[""rfc: ('(0.105, 0.23500000000000001)', '(-0.005, 0.025)')""]","bug: ('1', '0')",0.528017241,0.719245107,0.043511184
"[""rfc: ('(0.105, 0.23500000000000001)', '(-0.005, 0.025)')""]","bug: ('1', '0')",0.528017241,0.719245107,0.043511184
"[""avg_cc: ('(0.095, 1.005)', '(0.035, 0.055)')""]","bug: ('1', '0')",0.528017241,0.628205128,0.114906609
"[""avg_cc: ('(0.095, 1.005)', '(0.035, 0.055)')""]","bug: ('1', '0')",0.528017241,0.628205128,0.114906609
"[""avg_cc: ('(0.095, 1.005)', '(0.035, 0.055)')""]","bug: ('1', '0')",0.528017241,0.627163904,0.11402658
"[""avg_cc: ('(0.095, 1.005)', '(0.035, 0.055)')""]","bug: ('1', '0')",0.528017241,0.628205128,0.114906609
"[""avg_cc: ('(0.095, 1.005)', '(0.035, 0.055)')""]","bug: ('1', '0')",0.528017241,0.627163904,0.11402658
"[""ca: ('(0.055, 0.465)', '(0.005, 0.025)')"", ""dam: ('(0.285, 0.905)', '(-0.005, 0.195)')""]","bug: ('1', '0')",0.528017241,0.749437697,0.044927056
"[""lcom3: ('(0.305, 0.415)', '(-0.005, 0.315)')""]","bug: ('1', '0')",0.517241379,0.438418724,0.032033699
"[""avg_cc: ('(0.095, 1.005)', '(0.035, 0.055)')"", ""dam: ('(0.285, 0.905)', '(-0.005, 0.195)')""]","bug: ('1', '0')",0.517241379,0.703812317,0.04565047
"[""rfc: ('(0.035, 0.115)', '(-0.005, 0.025)')""]","bug: ('1', '0')",0.517241379,0.504504505,0.038749418
"[""lcom3: ('(0.305, 0.415)', '(0.815, 1.005)')""]","bug: ('1', '0')",0.517241379,0.49197861,0.042976673
"[""rfc: ('(0.035, 0.115)', '(-0.005, 0.025)')""]","bug: ('1', '0')",0.517241379,0.504504505,0.038749418
"[""rfc: ('(0.035, 0.115)', '(-0.005, 0.025)')""]","bug: ('1', '0')",0.517241379,0.504504505,0.038749418
"[""ca: ('(0.055, 0.465)', '(0.015, 0.025)')""]","bug: ('1', '0')",0.517241379,0.445714286,0.04341133
"[""dam: ('(0.285, 0.905)', '(-0.005, 0.195)')""]","bug: ('1', '0')",0.517241379,0.4969988,0.030040464
"[""lcom3: ('(0.305, 0.415)', '(-0.005, 0.315)')""]","bug: ('1', '0')",0.517241379,0.440429136,0.032705441
"[""lcom3: ('(0.305, 0.415)', '(-0.005, 0.315)')""]","bug: ('1', '0')",0.517241379,0.440429136,0.032705441
"[""lcom3: ('(0.305, 0.415)', '(0.815, 1.005)')"", ""dam: ('(0.975, 1.005)', '(-0.005, 0.195)')""]","bug: ('1', '0')",0.517241379,0.467265725,0.033896703
"[""ce: ('(0.235, 0.395)', '(0.005, 0.07500000000000001)')"", ""cbo: ('(0.065, 0.125)', '(-0.005, 0.025)')""]","bug: ('1', '0')",0.517241379,0.59977731,0.035017619
"[""dam: ('(0.285, 0.905)', '(-0.005, 0.195)')""]","bug: ('1', '0')",0.517241379,0.4969988,0.030040464
"[""avg_cc: ('(0.095, 1.005)', '(0.035, 0.055)')"", ""dam: ('(0.975, 1.005)', '(-0.005, 0.195)')""]","bug: ('1', '0')",0.517241379,0.665383134,0.067623617
"[""rfc: ('(0.035, 0.115)', '(-0.005, 0.025)')""]","bug: ('1', '0')",0.517241379,0.504504505,0.038749418
"[""dam: ('(0.285, 0.905)', '(-0.005, 0.195)')""]","bug: ('1', '0')",0.517241379,0.4969988,0.030040464
"[""dam: ('(0.285, 0.905)', '(-0.005, 0.195)')""]","bug: ('1', '0')",0.517241379,0.4969988,0.030040464
"[""avg_cc: ('(0.095, 1.005)', '(0.035, 0.055)')"", ""dam: ('(0.975, 1.005)', '(-0.005, 0.195)')""]","bug: ('1', '0')",0.517241379,0.662906049,0.06664769
"[""cam: ('(0.145, 0.265)', '(0.775, 1.005)')""]","bug: ('1', '0')",0.517241379,0.633749322,0.06215971
"[""avg_cc: ('(0.095, 1.005)', '(0.035, 0.055)')"", ""dam: ('(0.285, 0.905)', '(-0.005, 0.195)')""]","bug: ('1', '0')",0.517241379,0.703812317,0.04565047
"[""cam: ('(0.024999999999999998, 0.155)', '(0.775, 1.005)')""]","bug: ('1', '0')",0.517241379,0.70405522,0.04457804
"[""avg_cc: ('(0.095, 1.005)', '(0.035, 0.055)')"", ""dam: ('(0.285, 0.905)', '(-0.005, 0.195)')""]","bug: ('1', '0')",0.517241379,0.701156421,0.045421275
"[""ca: ('(0.055, 0.465)', '(0.015, 0.025)')""]","bug: ('1', '0')",0.517241379,0.445714286,0.04341133
"[""cam: ('(0.024999999999999998, 0.155)', '(0.775, 1.005)')""]","bug: ('1', '0')",0.517241379,0.70405522,0.04457804
"[""cam: ('(0.024999999999999998, 0.155)', '(0.775, 1.005)')""]","bug: ('1', '0')",0.517241379,0.70405522,0.04457804
"[""avg_cc: ('(0.095, 1.005)', '(0.035, 0.055)')"", ""dam: ('(0.975, 1.005)', '(-0.005, 0.195)')""]","bug: ('1', '0')",0.517241379,0.662906049,0.06664769
"[""ca: ('(0.055, 0.465)', '(0.015, 0.025)')""]","bug: ('1', '0')",0.517241379,0.443315631,0.043619475
"[""lcom3: ('(0.305, 0.415)', '(-0.005, 0.315)')""]","bug: ('1', '0')",0.517241379,0.438418724,0.032033699
"[""cam: ('(0.145, 0.265)', '(0.775, 1.005)')""]","bug: ('1', '0')",0.517241379,0.627099664,0.059437387
"[""dam: ('(0.285, 0.905)', '(-0.005, 0.195)')""]","bug: ('1', '0')",0.517241379,0.4969988,0.030040464
"[""ce: ('(0.235, 0.395)', '(0.005, 0.07500000000000001)')"", ""cbo: ('(0.065, 0.125)', '(0.015, 0.045)')""]","bug: ('1', '0')",0.517241379,0.525209183,0.02919031
"[""avg_cc: ('(0.095, 1.005)', '(0.035, 0.055)')""]","bug: ('1', '0')",0.517241379,0.509154316,0.051654616
"[""lcom3: ('(0.305, 0.415)', '(-0.005, 0.315)')""]","bug: ('1', '0')",0.517241379,0.440429136,0.032705441
"[""dam: ('(0.285, 0.905)', '(-0.005, 0.195)')""]","bug: ('1', '0')",0.517241379,0.4969988,0.030040464
"[""rfc: ('(0.035, 0.115)', '(-0.005, 0.025)')""]","bug: ('1', '0')",0.517241379,0.504504505,0.038749418
"[""rfc: ('(0.035, 0.115)', '(-0.005, 0.025)')""]","bug: ('1', '0')",0.517241379,0.504504505,0.038749418
"[""lcom3: ('(0.305, 0.415)', '(-0.005, 0.315)')""]","bug: ('1', '0')",0.517241379,0.440429136,0.032705441
"[""lcom3: ('(0.305, 0.415)', '(0.815, 1.005)')""]","bug: ('1', '0')",0.517241379,0.484429066,0.043103448
"[""ca: ('(0.024999999999999998, 0.065)', '(0.005, 0.025)')"", ""rfc: ('(0.105, 0.23500000000000001)', '(-0.005, 0.025)')""]","bug: ('1', '0')",0.517241379,0.889771599,0.050722172
"[""dam: ('(0.975, 1.005)', '(-0.005, 0.195)')"", ""moa: ('(0.145, 0.265)', '(-0.005, 0.034999999999999996)')""]","bug: ('1', '0')",0.517241379,0.664327485,0.038757184
"[""dam: ('(0.285, 0.905)', '(-0.005, 0.195)')""]","bug: ('1', '0')",0.517241379,0.4969988,0.030040464
"[""rfc: ('(0.105, 0.23500000000000001)', '(-0.005, 0.025)')"", ""cbo: ('(0.035, 0.07500000000000001)', '(-0.005, 0.025)')""]","bug: ('1', '0')",0.517241379,0.701816571,0.044617894
"[""lcom3: ('(0.305, 0.415)', '(0.815, 1.005)')""]","bug: ('1', '0')",0.517241379,0.494117647,0.043737323
"[""moa: ('(0.145, 0.265)', '(-0.005, 0.034999999999999996)')""]","bug: ('1', '0')",0.517241379,0.488321395,0.025919455
"[""lcom3: ('(0.305, 0.415)', '(0.815, 1.005)')""]","bug: ('1', '0')",0.517241379,0.49197861,0.042976673
"[""moa: ('(0.145, 0.265)', '(-0.005, 0.034999999999999996)')""]","bug: ('1', '0')",0.517241379,0.488321395,0.025919455
"[""ce: ('(0.135, 0.245)', '(-0.005, 0.015)')""]","bug: ('1', '0')",0.517241379,0.548455353,0.078473631
"[""lcom3: ('(0.305, 0.415)', '(-0.005, 0.315)')""]","bug: ('1', '0')",0.517241379,0.438418724,0.032033699
"[""dam: ('(0.285, 0.905)', '(-0.005, 0.195)')""]","bug: ('1', '0')",0.517241379,0.4969988,0.030040464
"[""rfc: ('(0.035, 0.115)', '(-0.005, 0.025)')""]","bug: ('1', '0')",0.517241379,0.504504505,0.038749418
"[""lcom3: ('(0.305, 0.415)', '(0.815, 1.005)')"", ""dam: ('(0.975, 1.005)', '(-0.005, 0.195)')""]","bug: ('1', '0')",0.517241379,0.467265725,0.033896703
"[""ce: ('(0.235, 0.395)', '(-0.005, 0.015)')""]","bug: ('1', '0')",0.517241379,0.825593395,0.100532454
"[""lcom3: ('(0.305, 0.415)', '(-0.005, 0.315)')""]","bug: ('1', '0')",0.517241379,0.428571429,0.024014778
"[""lcom3: ('(0.305, 0.415)', '(-0.005, 0.315)')""]","bug: ('1', '0')",0.517241379,0.440816327,0.024784483
"[""cam: ('(0.145, 0.265)', '(0.775, 1.005)')""]","bug: ('1', '0')",0.517241379,0.627099664,0.059437387
"[""lcom3: ('(0.305, 0.415)', '(-0.005, 0.315)')""]","bug: ('1', '0')",0.517241379,0.440816327,0.024784483
"[""lcom3: ('(0.305, 0.415)', '(-0.005, 0.315)')""]","bug: ('1', '0')",0.517241379,0.438418724,0.032033699
"[""lcom3: ('(0.305, 0.415)', '(-0.005, 0.315)')""]","bug: ('1', '0')",0.517241379,0.440816327,0.024784483
"[""dam: ('(0.975, 1.005)', '(-0.005, 0.195)')"", ""moa: ('(0.145, 0.265)', '(-0.005, 0.034999999999999996)')""]","bug: ('1', '0')",0.517241379,0.677555959,0.039722057
"[""ca: ('(0.055, 0.465)', '(-0.005, 0.015)')""]","bug: ('1', '0')",0.506465517,0.629728878,0.065874081
"[""rfc: ('(0.035, 0.115)', '(-0.005, 0.025)')"", ""dam: ('(0.975, 1.005)', '(-0.005, 0.195)')""]","bug: ('1', '0')",0.506465517,0.608906883,0.039435874
"[""ce: ('(0.235, 0.395)', '(0.005, 0.07500000000000001)')""]","bug: ('1', '0')",0.506465517,0.565918367,0.030991379
"[""rfc: ('(0.035, 0.115)', '(-0.005, 0.025)')"", ""lcom3: ('(0.305, 0.415)', '(0.815, 1.005)')""]","bug: ('1', '0')",0.506465517,0.556039851,0.039919671
"[""rfc: ('(0.035, 0.115)', '(-0.005, 0.025)')"", ""dam: ('(0.975, 1.005)', '(-0.005, 0.195)')""]","bug: ('1', '0')",0.506465517,0.608906883,0.039435874
"[""ce: ('(0.235, 0.395)', '(0.005, 0.07500000000000001)')""]","bug: ('1', '0')",0.506465517,0.565918367,0.030991379
"[""rfc: ('(0.035, 0.115)', '(-0.005, 0.025)')"", ""dam: ('(0.975, 1.005)', '(-0.005, 0.195)')""]","bug: ('1', '0')",0.506465517,0.496211651,0.039581852
"[""rfc: ('(0.105, 0.23500000000000001)', '(0.035, 0.115)')""]","bug: ('1', '0')",0.506465517,0.437344913,0.022380637
"[""rfc: ('(0.035, 0.115)', '(-0.005, 0.025)')"", ""dam: ('(0.975, 1.005)', '(-0.005, 0.195)')""]","bug: ('1', '0')",0.506465517,0.608906883,0.039435874
"[""ca: ('(0.015, 0.025)', '(-0.005, 0.015)')""]","bug: ('1', '0')",0.506465517,0.445025438,0.043509751
"[""ca: ('(0.024999999999999998, 0.065)', '(-0.005, 0.015)')""]","bug: ('1', '0')",0.506465517,0.592686003,0.052925382
"[""rfc: ('(0.105, 0.23500000000000001)', '(-0.005, 0.025)')""]","bug: ('1', '0')",0.506465517,0.661583578,0.042143417
"[""ce: ('(0.065, 0.14500000000000002)', '(0.005, 0.07500000000000001)')"", ""dam: ('(0.975, 1.005)', '(-0.005, 0.195)')""]","bug: ('1', '0')",0.506465517,0.539212329,0.037863685
"[""rfc: ('(0.035, 0.115)', '(-0.005, 0.025)')"", ""dam: ('(0.975, 1.005)', '(-0.005, 0.195)')""]","bug: ('1', '0')",0.506465517,0.608906883,0.039435874
"[""rfc: ('(0.105, 0.23500000000000001)', '(0.035, 0.115)')""]","bug: ('1', '0')",0.506465517,0.446918633,0.023224395
"[""rfc: ('(0.035, 0.115)', '(-0.005, 0.025)')"", ""dam: ('(0.975, 1.005)', '(-0.005, 0.195)')""]","bug: ('1', '0')",0.506465517,0.496211651,0.039581852
"[""max_cc: ('(0.075, 0.34500000000000003)', '(0.005, 0.015)')"", ""cam: ('(0.145, 0.265)', '(0.255, 0.535)')""]","bug: ('1', '0')",0.506465517,0.719298246,0.070591349
"[""ca: ('(0.024999999999999998, 0.065)', '(-0.005, 0.015)')""]","bug: ('1', '0')",0.506465517,0.606004789,0.053420011
"[""lcom3: ('(0.445, 0.495)', '(-0.005, 0.315)')""]","bug: ('1', '0')",0.506465517,0.531893004,0.028017241
"[""cam: ('(0.145, 0.265)', '(0.255, 0.535)')"", ""cbo: ('(0.065, 0.125)', '(-0.005, 0.025)')""]","bug: ('1', '0')",0.506465517,0.625187728,0.036965299
"[""cam: ('(0.145, 0.265)', '(0.255, 0.535)')"", ""cbo: ('(0.065, 0.125)', '(0.015, 0.045)')""]","bug: ('1', '0')",0.506465517,0.486520305,0.02589823
"[""rfc: ('(0.035, 0.115)', '(-0.005, 0.025)')"", ""dam: ('(0.975, 1.005)', '(-0.005, 0.195)')""]","bug: ('1', '0')",0.506465517,0.594169247,0.03994631
"[""rfc: ('(0.035, 0.115)', '(-0.005, 0.025)')"", ""dam: ('(0.975, 1.005)', '(-0.005, 0.195)')""]","bug: ('1', '0')",0.506465517,0.594169247,0.03994631
"[""rfc: ('(0.035, 0.115)', '(-0.005, 0.025)')"", ""dam: ('(0.975, 1.005)', '(-0.005, 0.195)')""]","bug: ('1', '0')",0.506465517,0.594169247,0.03994631
"[""rfc: ('(0.035, 0.115)', '(-0.005, 0.025)')"", ""cbo: ('(0.035, 0.07500000000000001)', '(-0.005, 0.025)')""]","bug: ('1', '0')",0.506465517,0.511206328,0.041093896
"[""rfc: ('(0.035, 0.115)', '(-0.005, 0.025)')"", ""dam: ('(0.975, 1.005)', '(-0.005, 0.195)')""]","bug: ('1', '0')",0.506465517,0.608906883,0.039435874
"[""avg_cc: ('(0.045000000000000005, 0.095)', '(0.005, 0.034999999999999996)')"", ""dam: ('(0.975, 1.005)', '(-0.005, 0.195)')""]","bug: ('1', '0')",0.506465517,0.538541667,0.068426724
"[""lcom3: ('(0.445, 0.495)', '(0.815, 1.005)')""]","bug: ('1', '0')",0.506465517,0.635135135,0.034919618
"[""ce: ('(0.235, 0.395)', '(0.005, 0.07500000000000001)')""]","bug: ('1', '0')",0.506465517,0.487834821,0.025377155
"[""ce: ('(0.065, 0.14500000000000002)', '(0.005, 0.07500000000000001)')"", ""dam: ('(0.975, 1.005)', '(-0.005, 0.195)')""]","bug: ('1', '0')",0.506465517,0.506966292,0.035209221
"[""cam: ('(0.145, 0.265)', '(0.595, 0.785)')"", ""dam: ('(0.285, 0.905)', '(-0.005, 0.195)')""]","bug: ('1', '0')",0.506465517,0.748036379,0.04676987
"[""rfc: ('(0.035, 0.115)', '(-0.005, 0.025)')"", ""lcom3: ('(-0.005, 0.315)', '(0.815, 1.005)')"", ""dam: ('(0.975, 1.005)', '(-0.005, 0.195)')""]","bug: ('1', '0')",0.506465517,0.502758698,0.040615936
"[""rfc: ('(0.035, 0.115)', '(-0.005, 0.025)')"", ""dam: ('(0.975, 1.005)', '(-0.005, 0.195)')""]","bug: ('1', '0')",0.506465517,0.608906883,0.039435874
"[""cam: ('(0.145, 0.265)', '(0.255, 0.535)')"", ""dam: ('(0.285, 0.905)', '(-0.005, 0.195)')""]","bug: ('1', '0')",0.506465517,0.714906562,0.044125774
"[""rfc: ('(0.035, 0.115)', '(-0.005, 0.025)')"", ""dam: ('(0.975, 1.005)', '(-0.005, 0.195)')""]","bug: ('1', '0')",0.506465517,0.608906883,0.039435874
"[""avg_cc: ('(0.095, 1.005)', '(0.005, 0.034999999999999996)')"", ""dam: ('(0.285, 0.905)', '(-0.005, 0.195)')""]","bug: ('1', '0')",0.506465517,0.762620192,0.084949713
"[""avg_cc: ('(0.095, 1.005)', '(0.005, 0.034999999999999996)')"", ""cam: ('(0.145, 0.265)', '(0.595, 0.785)')""]","bug: ('1', '0')",0.506465517,0.839285714,0.100933908
"[""ca: ('(0.055, 0.465)', '(0.005, 0.025)')"", ""cam: ('(0.145, 0.265)', '(0.255, 0.535)')""]","bug: ('1', '0')",0.506465517,0.496662959,0.026453003
"[""rfc: ('(0.035, 0.115)', '(-0.005, 0.025)')"", ""dam: ('(0.975, 1.005)', '(-0.005, 0.195)')""]","bug: ('1', '0')",0.506465517,0.608906883,0.039435874
"[""rfc: ('(0.035, 0.115)', '(-0.005, 0.025)')"", ""dam: ('(0.975, 1.005)', '(-0.005, 0.195)')""]","bug: ('1', '0')",0.506465517,0.585558098,0.03975726
"[""avg_cc: ('(0.095, 1.005)', '(0.035, 0.055)')""]","bug: ('1', '0')",0.506465517,0.518746957,0.04829706
"[""avg_cc: ('(0.095, 1.005)', '(0.035, 0.055)')""]","bug: ('1', '0')",0.506465517,0.518746957,0.04829706
"[""avg_cc: ('(0.095, 1.005)', '(0.035, 0.055)')""]","bug: ('1', '0')",0.506465517,0.518746957,0.04829706
"[""ce: ('(0.065, 0.14500000000000002)', '(0.005, 0.07500000000000001)')"", ""dam: ('(0.975, 1.005)', '(-0.005, 0.195)')""]","bug: ('1', '0')",0.506465517,0.539212329,0.037863685
"[""ca: ('(0.015, 0.025)', '(-0.005, 0.015)')""]","bug: ('1', '0')",0.506465517,0.445025438,0.043509751
"[""rfc: ('(0.035, 0.115)', '(-0.005, 0.025)')"", ""dam: ('(0.975, 1.005)', '(-0.005, 0.195)')""]","bug: ('1', '0')",0.506465517,0.486588235,0.039655172
"[""ca: ('(0.055, 0.465)', '(-0.005, 0.015)')""]","bug: ('1', '0')",0.506465517,0.635457157,0.062217354
"[""rfc: ('(0.035, 0.115)', '(-0.005, 0.025)')"", ""dam: ('(0.975, 1.005)', '(-0.005, 0.195)')""]","bug: ('1', '0')",0.506465517,0.486588235,0.039655172
"[""ce: ('(0.065, 0.14500000000000002)', '(0.005, 0.07500000000000001)')"", ""dam: ('(0.975, 1.005)', '(-0.005, 0.195)')""]","bug: ('1', '0')",0.506465517,0.506966292,0.035209221
"[""avg_cc: ('(0.095, 1.005)', '(0.035, 0.055)')""]","bug: ('1', '0')",0.506465517,0.518746957,0.04829706
"[""avg_cc: ('(0.095, 1.005)', '(0.035, 0.055)')"", ""moa: ('(0.255, 0.885)', '(-0.005, 0.034999999999999996)')""]","bug: ('1', '0')",0.506465517,0.785039942,0.042504789
"[""avg_cc: ('(0.095, 1.005)', '(0.035, 0.055)')""]","bug: ('1', '0')",0.506465517,0.518746957,0.04829706
"[""avg_cc: ('(0.095, 1.005)', '(0.035, 0.055)')""]","bug: ('1', '0')",0.506465517,0.518746957,0.04829706
"[""max_cc: ('(0.075, 0.34500000000000003)', '(0.005, 0.015)')"", ""cam: ('(0.024999999999999998, 0.155)', '(0.255, 0.535)')""]","bug: ('1', '0')",0.506465517,0.775333857,0.055221567
"[""ce: ('(0.235, 0.395)', '(0.065, 0.14500000000000002)')"", ""moa: ('(0.145, 0.265)', '(-0.005, 0.034999999999999996)')""]","bug: ('1', '0')",0.506465517,0.604285714,0.031403941
"[""ce: ('(0.235, 0.395)', '(0.005, 0.07500000000000001)')"", ""moa: ('(0.145, 0.265)', '(-0.005, 0.034999999999999996)')""]","bug: ('1', '0')",0.506465517,0.645373134,0.033759007
"[""avg_cc: ('(0.095, 1.005)', '(0.035, 0.055)')""]","bug: ('1', '0')",0.506465517,0.518746957,0.04829706
"[""avg_cc: ('(0.095, 1.005)', '(0.035, 0.055)')""]","bug: ('1', '0')",0.506465517,0.511326379,0.051459158
"[""avg_cc: ('(0.095, 1.005)', '(0.035, 0.055)')""]","bug: ('1', '0')",0.506465517,0.511326379,0.051459158
"[""avg_cc: ('(0.095, 1.005)', '(0.035, 0.055)')""]","bug: ('1', '0')",0.506465517,0.511326379,0.051459158
"[""avg_cc: ('(0.095, 1.005)', '(0.035, 0.055)')""]","bug: ('1', '0')",0.506465517,0.518746957,0.04829706
"[""avg_cc: ('(0.095, 1.005)', '(0.005, 0.034999999999999996)')"", ""dam: ('(0.975, 1.005)', '(-0.005, 0.195)')""]","bug: ('1', '0')",0.506465517,0.660238095,0.123226473
"[""avg_cc: ('(0.095, 1.005)', '(0.005, 0.034999999999999996)')"", ""cam: ('(0.024999999999999998, 0.155)', '(0.595, 0.785)')""]","bug: ('1', '0')",0.506465517,0.931787634,0.062185704
